ambient_temperature,humidity,dissolved_oxygen,electrical_conductivity,ph_level,temperature,Week,Weight
34.89659786224365,62.753868103027344,6.307199976022088,9.256472692193595,6.984857448726618,30.95052083333333,0.0,13.5
34.89659786224365,62.753868103027344,6.307199976022088,9.256472692193595,6.984857448726618,30.95052083333333,0.0,8.6
34.89659786224365,62.753868103027344,6.307199976022088,9.256472692193595,6.984857448726618,30.95052083333333,0.0,10.5
34.89659786224365,62.753868103027344,6.307199976022088,9.256472692193595,6.984857448726618,30.95052083333333,0.0,10.86666667
34.89659786224365,62.753868103027344,6.307199976022088,9.256472692193595,6.984857448726618,30.95052083333333,1.0,32.6
34.89659786224365,62.753868103027344,6.307199976022088,9.256472692193595,6.984857448726618,30.95052083333333,1.0,24.1
34.89659786224365,62.753868103027344,6.307199976022088,9.256472692193595,6.984857448726618,30.95052083333333,1.0,29.6
34.89659786224365,62.753868103027344,6.307199976022088,9.256472692193595,6.984857448726618,30.95052083333333,1.0,28.76666667
34.89659786224365,62.753868103027344,6.307199976022088,9.256472692193595,6.984857448726618,30.95052083333333,2.0,55.6
34.89659786224365,62.753868103027344,6.307199976022088,9.256472692193595,6.984857448726618,30.95052083333333,2.0,62.6
34.89659786224365,62.753868103027344,6.307199976022088,9.256472692193595,6.984857448726618,30.95052083333333,2.0,53.2
34.89659786224365,62.753868103027344,6.307199976022088,9.256472692193595,6.984857448726618,30.95052083333333,2.0,57.13333333
34.89659786224365,62.753868103027344,6.307199976022088,9.256472692193595,6.984857448726618,30.95052083333333,3.0,79.6
34.89659786224365,62.753868103027344,6.307199976022088,9.256472692193595,6.984857448726618,30.95052083333333,3.0,74.6
34.89659786224365,62.753868103027344,6.307199976022088,9.256472692193595,6.984857448726618,30.95052083333333,3.0,88.6
34.89659786224365,62.753868103027344,6.307199976022088,9.256472692193595,6.984857448726618,30.95052083333333,3.0,80.93333333
34.89659786224365,62.753868103027344,6.307199976022088,9.256472692193595,6.984857448726618,30.95052083333333,4.0,100.4
34.89659786224365,62.753868103027344,6.307199976022088,9.256472692193595,6.984857448726618,30.95052083333333,4.0,91.6
34.89659786224365,62.753868103027344,6.307199976022088,9.256472692193595,6.984857448726618,30.95052083333333,4.0,88.9
34.89659786224365,62.753868103027344,6.307199976022088,9.256472692193595,6.984857448726618,30.95052083333333,4.0,93.63333333
34.89659786224365,62.753868103027344,6.307199976022088,9.256472692193595,6.984857448726618,30.95052083333333,5.0,129.3
34.89659786224365,62.753868103027344,6.307199976022088,9.256472692193595,6.984857448726618,30.95052083333333,5.0,123.6
34.89659786224365,62.753868103027344,6.307199976022088,9.256472692193595,6.984857448726618,30.95052083333333,5.0,111.5
34.89659786224365,62.753868103027344,6.307199976022088,9.256472692193595,6.984857448726618,30.95052083333333,5.0,121.4666667
34.36285456386181,64.69319661458333,6.748143459414961,9.198906868584205,7.089194699286442,30.43348623853211,0.0,13.5
34.36285456386181,64.69319661458333,6.748143459414961,9.198906868584205,7.089194699286442,30.43348623853211,0.0,8.6
34.36285456386181,64.69319661458333,6.748143459414961,9.198906868584205,7.089194699286442,30.43348623853211,0.0,10.5
34.36285456386181,64.69319661458333,6.748143459414961,9.198906868584205,7.089194699286442,30.43348623853211,0.0,10.86666667
34.36285456386181,64.69319661458333,6.748143459414961,9.198906868584205,7.089194699286442,30.43348623853211,1.0,32.6
34.36285456386181,64.69319661458333,6.748143459414961,9.198906868584205,7.089194699286442,30.43348623853211,1.0,24.1
34.36285456386181,64.69319661458333,6.748143459414961,9.198906868584205,7.089194699286442,30.43348623853211,1.0,29.6
34.36285456386181,64.69319661458333,6.748143459414961,9.198906868584205,7.089194699286442,30.43348623853211,1.0,28.76666667
34.36285456386181,64.69319661458333,6.748143459414961,9.198906868584205,7.089194699286442,30.43348623853211,2.0,55.6
34.36285456386181,64.69319661458333,6.748143459414961,9.198906868584205,7.089194699286442,30.43348623853211,2.0,62.6
34.36285456386181,64.69319661458333,6.748143459414961,9.198906868584205,7.089194699286442,30.43348623853211,2.0,53.2
34.36285456386181,64.69319661458333,6.748143459414961,9.198906868584205,7.089194699286442,30.43348623853211,2.0,57.13333333
34.36285456386181,64.69319661458333,6.748143459414961,9.198906868584205,7.089194699286442,30.43348623853211,3.0,79.6
34.36285456386181,64.69319661458333,6.748143459414961,9.198906868584205,7.089194699286442,30.43348623853211,3.0,74.6
34.36285456386181,64.69319661458333,6.748143459414961,9.198906868584205,7.089194699286442,30.43348623853211,3.0,88.6
34.36285456386181,64.69319661458333,6.748143459414961,9.198906868584205,7.089194699286442,30.43348623853211,3.0,80.93333333
34.36285456386181,64.69319661458333,6.748143459414961,9.198906868584205,7.089194699286442,30.43348623853211,4.0,100.4
34.36285456386181,64.69319661458333,6.748143459414961,9.198906868584205,7.089194699286442,30.43348623853211,4.0,91.6
34.36285456386181,64.69319661458333,6.748143459414961,9.198906868584205,7.089194699286442,30.43348623853211,4.0,88.9
34.36285456386181,64.69319661458333,6.748143459414961,9.198906868584205,7.089194699286442,30.43348623853211,4.0,93.63333333
34.36285456386181,64.69319661458333,6.748143459414961,9.198906868584205,7.089194699286442,30.43348623853211,5.0,129.3
34.36285456386181,64.69319661458333,6.748143459414961,9.198906868584205,7.089194699286442,30.43348623853211,5.0,123.6
34.36285456386181,64.69319661458333,6.748143459414961,9.198906868584205,7.089194699286442,30.43348623853211,5.0,111.5
34.36285456386181,64.69319661458333,6.748143459414961,9.198906868584205,7.089194699286442,30.43348623853211,5.0,121.4666667
31.62001885827431,73.22111027529192,7.264633450178605,9.02652331821195,7.563555939353087,28.25038284839204,0.0,13.5
31.62001885827431,73.22111027529192,7.264633450178605,9.02652331821195,7.563555939353087,28.25038284839204,0.0,8.6
31.62001885827431,73.22111027529192,7.264633450178605,9.02652331821195,7.563555939353087,28.25038284839204,0.0,10.5
31.62001885827431,73.22111027529192,7.264633450178605,9.02652331821195,7.563555939353087,28.25038284839204,0.0,10.86666667
31.62001885827431,73.22111027529192,7.264633450178605,9.02652331821195,7.563555939353087,28.25038284839204,1.0,32.6
31.62001885827431,73.22111027529192,7.264633450178605,9.02652331821195,7.563555939353087,28.25038284839204,1.0,24.1
31.62001885827431,73.22111027529192,7.264633450178605,9.02652331821195,7.563555939353087,28.25038284839204,1.0,29.6
31.62001885827431,73.22111027529192,7.264633450178605,9.02652331821195,7.563555939353087,28.25038284839204,1.0,28.76666667
31.62001885827431,73.22111027529192,7.264633450178605,9.02652331821195,7.563555939353087,28.25038284839204,2.0,55.6
31.62001885827431,73.22111027529192,7.264633450178605,9.02652331821195,7.563555939353087,28.25038284839204,2.0,62.6
31.62001885827431,73.22111027529192,7.264633450178605,9.02652331821195,7.563555939353087,28.25038284839204,2.0,53.2
31.62001885827431,73.22111027529192,7.264633450178605,9.02652331821195,7.563555939353087,28.25038284839204,2.0,57.13333333
31.62001885827431,73.22111027529192,7.264633450178605,9.02652331821195,7.563555939353087,28.25038284839204,3.0,79.6
31.62001885827431,73.22111027529192,7.264633450178605,9.02652331821195,7.563555939353087,28.25038284839204,3.0,74.6
31.62001885827431,73.22111027529192,7.264633450178605,9.02652331821195,7.563555939353087,28.25038284839204,3.0,88.6
31.62001885827431,73.22111027529192,7.264633450178605,9.02652331821195,7.563555939353087,28.25038284839204,3.0,80.93333333
31.62001885827431,73.22111027529192,7.264633450178605,9.02652331821195,7.563555939353087,28.25038284839204,4.0,100.4
31.62001885827431,73.22111027529192,7.264633450178605,9.02652331821195,7.563555939353087,28.25038284839204,4.0,91.6
31.62001885827431,73.22111027529192,7.264633450178605,9.02652331821195,7.563555939353087,28.25038284839204,4.0,88.9
31.62001885827431,73.22111027529192,7.264633450178605,9.02652331821195,7.563555939353087,28.25038284839204,4.0,93.63333333
31.62001885827431,73.22111027529192,7.264633450178605,9.02652331821195,7.563555939353087,28.25038284839204,5.0,129.3
31.62001885827431,73.22111027529192,7.264633450178605,9.02652331821195,7.563555939353087,28.25038284839204,5.0,123.6
31.62001885827431,73.22111027529192,7.264633450178605,9.02652331821195,7.563555939353087,28.25038284839204,5.0,111.5
31.62001885827431,73.22111027529192,7.264633450178605,9.02652331821195,7.563555939353087,28.25038284839204,5.0,121.4666667
30.30418314210854,76.36771092553599,7.208256250216594,8.451397572874988,8.035778765573221,26.48468606431853,0.0,13.5
30.30418314210854,76.36771092553599,7.208256250216594,8.451397572874988,8.035778765573221,26.48468606431853,0.0,8.6
30.30418314210854,76.36771092553599,7.208256250216594,8.451397572874988,8.035778765573221,26.48468606431853,0.0,10.5
30.30418314210854,76.36771092553599,7.208256250216594,8.451397572874988,8.035778765573221,26.48468606431853,0.0,10.86666667
30.30418314210854,76.36771092553599,7.208256250216594,8.451397572874988,8.035778765573221,26.48468606431853,1.0,32.6
30.30418314210854,76.36771092553599,7.208256250216594,8.451397572874988,8.035778765573221,26.48468606431853,1.0,24.1
30.30418314210854,76.36771092553599,7.208256250216594,8.451397572874988,8.035778765573221,26.48468606431853,1.0,29.6
30.30418314210854,76.36771092553599,7.208256250216594,8.451397572874988,8.035778765573221,26.48468606431853,1.0,28.76666667
30.30418314210854,76.36771092553599,7.208256250216594,8.451397572874988,8.035778765573221,26.48468606431853,2.0,55.6
30.30418314210854,76.36771092553599,7.208256250216594,8.451397572874988,8.035778765573221,26.48468606431853,2.0,62.6
30.30418314210854,76.36771092553599,7.208256250216594,8.451397572874988,8.035778765573221,26.48468606431853,2.0,53.2
30.30418314210854,76.36771092553599,7.208256250216594,8.451397572874988,8.035778765573221,26.48468606431853,2.0,57.13333333
30.30418314210854,76.36771092553599,7.208256250216594,8.451397572874988,8.035778765573221,26.48468606431853,3.0,79.6
30.30418314210854,76.36771092553599,7.208256250216594,8.451397572874988,8.035778765573221,26.48468606431853,3.0,74.6
30.30418314210854,76.36771092553599,7.208256250216594,8.451397572874988,8.035778765573221,26.48468606431853,3.0,88.6
30.30418314210854,76.36771092553599,7.208256250216594,8.451397572874988,8.035778765573221,26.48468606431853,3.0,80.93333333
30.30418314210854,76.36771092553599,7.208256250216594,8.451397572874988,8.035778765573221,26.48468606431853,4.0,100.4
30.30418314210854,76.36771092553599,7.208256250216594,8.451397572874988,8.035778765573221,26.48468606431853,4.0,91.6
30.30418314210854,76.36771092553599,7.208256250216594,8.451397572874988,8.035778765573221,26.48468606431853,4.0,88.9
30.30418314210854,76.36771092553599,7.208256250216594,8.451397572874988,8.035778765573221,26.48468606431853,4.0,93.63333333
30.30418314210854,76.36771092553599,7.208256250216594,8.451397572874988,8.035778765573221,26.48468606431853,5.0,129.3
30.30418314210854,76.36771092553599,7.208256250216594,8.451397572874988,8.035778765573221,26.48468606431853,5.0,123.6
30.30418314210854,76.36771092553599,7.208256250216594,8.451397572874988,8.035778765573221,26.48468606431853,5.0,111.5
30.30418314210854,76.36771092553599,7.208256250216594,8.451397572874988,8.035778765573221,26.48468606431853,5.0,121.4666667
30.36014241909762,75.20344118824063,7.075773278658425,8.008163027750511,8.565331218782275,26.51529051987768,0.0,13.5
30.36014241909762,75.20344118824063,7.075773278658425,8.008163027750511,8.565331218782275,26.51529051987768,0.0,8.6
30.36014241909762,75.20344118824063,7.075773278658425,8.008163027750511,8.565331218782275,26.51529051987768,0.0,10.5
30.36014241909762,75.20344118824063,7.075773278658425,8.008163027750511,8.565331218782275,26.51529051987768,0.0,10.86666667
30.36014241909762,75.20344118824063,7.075773278658425,8.008163027750511,8.565331218782275,26.51529051987768,1.0,32.6
30.36014241909762,75.20344118824063,7.075773278658425,8.008163027750511,8.565331218782275,26.51529051987768,1.0,24.1
30.36014241909762,75.20344118824063,7.075773278658425,8.008163027750511,8.565331218782275,26.51529051987768,1.0,29.6
30.36014241909762,75.20344118824063,7.075773278658425,8.008163027750511,8.565331218782275,26.51529051987768,1.0,28.76666667
30.36014241909762,75.20344118824063,7.075773278658425,8.008163027750511,8.565331218782275,26.51529051987768,2.0,55.6
30.36014241909762,75.20344118824063,7.075773278658425,8.008163027750511,8.565331218782275,26.51529051987768,2.0,62.6
30.36014241909762,75.20344118824063,7.075773278658425,8.008163027750511,8.565331218782275,26.51529051987768,2.0,53.2
30.36014241909762,75.20344118824063,7.075773278658425,8.008163027750511,8.565331218782275,26.51529051987768,2.0,57.13333333
30.36014241909762,75.20344118824063,7.075773278658425,8.008163027750511,8.565331218782275,26.51529051987768,3.0,79.6
30.36014241909762,75.20344118824063,7.075773278658425,8.008163027750511,8.565331218782275,26.51529051987768,3.0,74.6
30.36014241909762,75.20344118824063,7.075773278658425,8.008163027750511,8.565331218782275,26.51529051987768,3.0,88.6
30.36014241909762,75.20344118824063,7.075773278658425,8.008163027750511,8.565331218782275,26.51529051987768,3.0,80.93333333
30.36014241909762,75.20344118824063,7.075773278658425,8.008163027750511,8.565331218782275,26.51529051987768,4.0,100.4
30.36014241909762,75.20344118824063,7.075773278658425,8.008163027750511,8.565331218782275,26.51529051987768,4.0,91.6
30.36014241909762,75.20344118824063,7.075773278658425,8.008163027750511,8.565331218782275,26.51529051987768,4.0,88.9
30.36014241909762,75.20344118824063,7.075773278658425,8.008163027750511,8.565331218782275,26.51529051987768,4.0,93.63333333
30.36014241909762,75.20344118824063,7.075773278658425,8.008163027750511,8.565331218782275,26.51529051987768,5.0,129.3
30.36014241909762,75.20344118824063,7.075773278658425,8.008163027750511,8.565331218782275,26.51529051987768,5.0,123.6
30.36014241909762,75.20344118824063,7.075773278658425,8.008163027750511,8.565331218782275,26.51529051987768,5.0,111.5
30.36014241909762,75.20344118824063,7.075773278658425,8.008163027750511,8.565331218782275,26.51529051987768,5.0,121.4666667
30.58013542140242,73.51716349720041,6.998574338969034,8.752854581914763,7.9637045573540926,26.868300153139355,0.0,13.5
30.58013542140242,73.51716349720041,6.998574338969034,8.752854581914763,7.9637045573540926,26.868300153139355,0.0,8.6
30.58013542140242,73.51716349720041,6.998574338969034,8.752854581914763,7.9637045573540926,26.868300153139355,0.0,10.5
30.58013542140242,73.51716349720041,6.998574338969034,8.752854581914763,7.9637045573540926,26.868300153139355,0.0,10.86666667
30.58013542140242,73.51716349720041,6.998574338969034,8.752854581914763,7.9637045573540926,26.868300153139355,1.0,32.6
30.58013542140242,73.51716349720041,6.998574338969034,8.752854581914763,7.9637045573540926,26.868300153139355,1.0,24.1
30.58013542140242,73.51716349720041,6.998574338969034,8.752854581914763,7.9637045573540926,26.868300153139355,1.0,29.6
30.58013542140242,73.51716349720041,6.998574338969034,8.752854581914763,7.9637045573540926,26.868300153139355,1.0,28.76666667
30.58013542140242,73.51716349720041,6.998574338969034,8.752854581914763,7.9637045573540926,26.868300153139355,2.0,55.6
30.58013542140242,73.51716349720041,6.998574338969034,8.752854581914763,7.9637045573540926,26.868300153139355,2.0,62.6
30.58013542140242,73.51716349720041,6.998574338969034,8.752854581914763,7.9637045573540926,26.868300153139355,2.0,53.2
30.58013542140242,73.51716349720041,6.998574338969034,8.752854581914763,7.9637045573540926,26.868300153139355,2.0,57.13333333
30.58013542140242,73.51716349720041,6.998574338969034,8.752854581914763,7.9637045573540926,26.868300153139355,3.0,79.6
30.58013542140242,73.51716349720041,6.998574338969034,8.752854581914763,7.9637045573540926,26.868300153139355,3.0,74.6
30.58013542140242,73.51716349720041,6.998574338969034,8.752854581914763,7.9637045573540926,26.868300153139355,3.0,88.6
30.58013542140242,73.51716349720041,6.998574338969034,8.752854581914763,7.9637045573540926,26.868300153139355,3.0,80.93333333
30.58013542140242,73.51716349720041,6.998574338969034,8.752854581914763,7.9637045573540926,26.868300153139355,4.0,100.4
30.58013542140242,73.51716349720041,6.998574338969034,8.752854581914763,7.9637045573540926,26.868300153139355,4.0,91.6
30.58013542140242,73.51716349720041,6.998574338969034,8.752854581914763,7.9637045573540926,26.868300153139355,4.0,88.9
30.58013542140242,73.51716349720041,6.998574338969034,8.752854581914763,7.9637045573540926,26.868300153139355,4.0,93.63333333
30.58013542140242,73.51716349720041,6.998574338969034,8.752854581914763,7.9637045573540926,26.868300153139355,5.0,129.3
30.58013542140242,73.51716349720041,6.998574338969034,8.752854581914763,7.9637045573540926,26.868300153139355,5.0,123.6
30.58013542140242,73.51716349720041,6.998574338969034,8.752854581914763,7.9637045573540926,26.868300153139355,5.0,111.5
30.58013542140242,73.51716349720041,6.998574338969034,8.752854581914763,7.9637045573540926,26.868300153139355,5.0,121.4666667
30.956780286149264,71.99235948267611,7.712689138900731,9.0348600673234,7.795068339775403,27.0,0.0,13.5
30.956780286149264,71.99235948267611,7.712689138900731,9.0348600673234,7.795068339775403,27.0,0.0,8.6
30.956780286149264,71.99235948267611,7.712689138900731,9.0348600673234,7.795068339775403,27.0,0.0,10.5
30.956780286149264,71.99235948267611,7.712689138900731,9.0348600673234,7.795068339775403,27.0,0.0,10.86666667
30.956780286149264,71.99235948267611,7.712689138900731,9.0348600673234,7.795068339775403,27.0,1.0,32.6
30.956780286149264,71.99235948267611,7.712689138900731,9.0348600673234,7.795068339775403,27.0,1.0,24.1
30.956780286149264,71.99235948267611,7.712689138900731,9.0348600673234,7.795068339775403,27.0,1.0,29.6
30.956780286149264,71.99235948267611,7.712689138900731,9.0348600673234,7.795068339775403,27.0,1.0,28.76666667
30.956780286149264,71.99235948267611,7.712689138900731,9.0348600673234,7.795068339775403,27.0,2.0,55.6
30.956780286149264,71.99235948267611,7.712689138900731,9.0348600673234,7.795068339775403,27.0,2.0,62.6
30.956780286149264,71.99235948267611,7.712689138900731,9.0348600673234,7.795068339775403,27.0,2.0,53.2
30.956780286149264,71.99235948267611,7.712689138900731,9.0348600673234,7.795068339775403,27.0,2.0,57.13333333
30.956780286149264,71.99235948267611,7.712689138900731,9.0348600673234,7.795068339775403,27.0,3.0,79.6
30.956780286149264,71.99235948267611,7.712689138900731,9.0348600673234,7.795068339775403,27.0,3.0,74.6
30.956780286149264,71.99235948267611,7.712689138900731,9.0348600673234,7.795068339775403,27.0,3.0,88.6
30.956780286149264,71.99235948267611,7.712689138900731,9.0348600673234,7.795068339775403,27.0,3.0,80.93333333
30.956780286149264,71.99235948267611,7.712689138900731,9.0348600673234,7.795068339775403,27.0,4.0,100.4
30.956780286149264,71.99235948267611,7.712689138900731,9.0348600673234,7.795068339775403,27.0,4.0,91.6
30.956780286149264,71.99235948267611,7.712689138900731,9.0348600673234,7.795068339775403,27.0,4.0,88.9
30.956780286149264,71.99235948267611,7.712689138900731,9.0348600673234,7.795068339775403,27.0,4.0,93.63333333
30.956780286149264,71.99235948267611,7.712689138900731,9.0348600673234,7.795068339775403,27.0,5.0,129.3
30.956780286149264,71.99235948267611,7.712689138900731,9.0348600673234,7.795068339775403,27.0,5.0,123.6
30.956780286149264,71.99235948267611,7.712689138900731,9.0348600673234,7.795068339775403,27.0,5.0,111.5
30.956780286149264,71.99235948267611,7.712689138900731,9.0348600673234,7.795068339775403,27.0,5.0,121.4666667
30.706213210662327,71.89903084023258,7.912854139642806,9.63746649982369,7.09922822872262,27.011485451761104,0.0,13.5
30.706213210662327,71.89903084023258,7.912854139642806,9.63746649982369,7.09922822872262,27.011485451761104,0.0,8.6
30.706213210662327,71.89903084023258,7.912854139642806,9.63746649982369,7.09922822872262,27.011485451761104,0.0,10.5
30.706213210662327,71.89903084023258,7.912854139642806,9.63746649982369,7.09922822872262,27.011485451761104,0.0,10.86666667
30.706213210662327,71.89903084023258,7.912854139642806,9.63746649982369,7.09922822872262,27.011485451761104,1.0,32.6
30.706213210662327,71.89903084023258,7.912854139642806,9.63746649982369,7.09922822872262,27.011485451761104,1.0,24.1
30.706213210662327,71.89903084023258,7.912854139642806,9.63746649982369,7.09922822872262,27.011485451761104,1.0,29.6
30.706213210662327,71.89903084023258,7.912854139642806,9.63746649982369,7.09922822872262,27.011485451761104,1.0,28.76666667
30.706213210662327,71.89903084023258,7.912854139642806,9.63746649982369,7.09922822872262,27.011485451761104,2.0,55.6
30.706213210662327,71.89903084023258,7.912854139642806,9.63746649982369,7.09922822872262,27.011485451761104,2.0,62.6
30.706213210662327,71.89903084023258,7.912854139642806,9.63746649982369,7.09922822872262,27.011485451761104,2.0,53.2
30.706213210662327,71.89903084023258,7.912854139642806,9.63746649982369,7.09922822872262,27.011485451761104,2.0,57.13333333
30.706213210662327,71.89903084023258,7.912854139642806,9.63746649982369,7.09922822872262,27.011485451761104,3.0,79.6
30.706213210662327,71.89903084023258,7.912854139642806,9.63746649982369,7.09922822872262,27.011485451761104,3.0,74.6
30.706213210662327,71.89903084023258,7.912854139642806,9.63746649982369,7.09922822872262,27.011485451761104,3.0,88.6
30.706213210662327,71.89903084023258,7.912854139642806,9.63746649982369,7.09922822872262,27.011485451761104,3.0,80.93333333
30.706213210662327,71.89903084023258,7.912854139642806,9.63746649982369,7.09922822872262,27.011485451761104,4.0,100.4
30.706213210662327,71.89903084023258,7.912854139642806,9.63746649982369,7.09922822872262,27.011485451761104,4.0,91.6
30.706213210662327,71.89903084023258,7.912854139642806,9.63746649982369,7.09922822872262,27.011485451761104,4.0,88.9
30.706213210662327,71.89903084023258,7.912854139642806,9.63746649982369,7.09922822872262,27.011485451761104,4.0,93.63333333
30.706213210662327,71.89903084023258,7.912854139642806,9.63746649982369,7.09922822872262,27.011485451761104,5.0,129.3
30.706213210662327,71.89903084023258,7.912854139642806,9.63746649982369,7.09922822872262,27.011485451761104,5.0,123.6
30.706213210662327,71.89903084023258,7.912854139642806,9.63746649982369,7.09922822872262,27.011485451761104,5.0,111.5
30.706213210662327,71.89903084023258,7.912854139642806,9.63746649982369,7.09922822872262,27.011485451761104,5.0,121.4666667
30.87124803617069,69.82201613221964,7.557927272005656,9.195230255616664,7.387807038847402,27.626475548060707,0.0,13.5
30.87124803617069,69.82201613221964,7.557927272005656,9.195230255616664,7.387807038847402,27.626475548060707,0.0,8.6
30.87124803617069,69.82201613221964,7.557927272005656,9.195230255616664,7.387807038847402,27.626475548060707,0.0,10.5
30.87124803617069,69.82201613221964,7.557927272005656,9.195230255616664,7.387807038847402,27.626475548060707,0.0,10.86666667
30.87124803617069,69.82201613221964,7.557927272005656,9.195230255616664,7.387807038847402,27.626475548060707,1.0,32.6
30.87124803617069,69.82201613221964,7.557927272005656,9.195230255616664,7.387807038847402,27.626475548060707,1.0,24.1
30.87124803617069,69.82201613221964,7.557927272005656,9.195230255616664,7.387807038847402,27.626475548060707,1.0,29.6
30.87124803617069,69.82201613221964,7.557927272005656,9.195230255616664,7.387807038847402,27.626475548060707,1.0,28.76666667
30.87124803617069,69.82201613221964,7.557927272005656,9.195230255616664,7.387807038847402,27.626475548060707,2.0,55.6
30.87124803617069,69.82201613221964,7.557927272005656,9.195230255616664,7.387807038847402,27.626475548060707,2.0,62.6
30.87124803617069,69.82201613221964,7.557927272005656,9.195230255616664,7.387807038847402,27.626475548060707,2.0,53.2
30.87124803617069,69.82201613221964,7.557927272005656,9.195230255616664,7.387807038847402,27.626475548060707,2.0,57.13333333
30.87124803617069,69.82201613221964,7.557927272005656,9.195230255616664,7.387807038847402,27.626475548060707,3.0,79.6
30.87124803617069,69.82201613221964,7.557927272005656,9.195230255616664,7.387807038847402,27.626475548060707,3.0,74.6
30.87124803617069,69.82201613221964,7.557927272005656,9.195230255616664,7.387807038847402,27.626475548060707,3.0,88.6
30.87124803617069,69.82201613221964,7.557927272005656,9.195230255616664,7.387807038847402,27.626475548060707,3.0,80.93333333
30.87124803617069,69.82201613221964,7.557927272005656,9.195230255616664,7.387807038847402,27.626475548060707,4.0,100.4
30.87124803617069,69.82201613221964,7.557927272005656,9.195230255616664,7.387807038847402,27.626475548060707,4.0,91.6
30.87124803617069,69.82201613221964,7.557927272005656,9.195230255616664,7.387807038847402,27.626475548060707,4.0,88.9
30.87124803617069,69.82201613221964,7.557927272005656,9.195230255616664,7.387807038847402,27.626475548060707,4.0,93.63333333
30.87124803617069,69.82201613221964,7.557927272005656,9.195230255616664,7.387807038847402,27.626475548060707,5.0,129.3
30.87124803617069,69.82201613221964,7.557927272005656,9.195230255616664,7.387807038847402,27.626475548060707,5.0,123.6
30.87124803617069,69.82201613221964,7.557927272005656,9.195230255616664,7.387807038847402,27.626475548060707,5.0,111.5
30.87124803617069,69.82201613221964,7.557927272005656,9.195230255616664,7.387807038847402,27.626475548060707,5.0,121.4666667
33.69519958496094,59.90106201171875,7.990925395140648,11.107114575378771,6.046371422132071,30.355,0.0,13.5
33.69519958496094,59.90106201171875,7.990925395140648,11.107114575378771,6.046371422132071,30.355,0.0,8.6
33.69519958496094,59.90106201171875,7.990925395140648,11.107114575378771,6.046371422132071,30.355,0.0,10.5
33.69519958496094,59.90106201171875,7.990925395140648,11.107114575378771,6.046371422132071,30.355,0.0,10.86666667
33.69519958496094,59.90106201171875,7.990925395140648,11.107114575378771,6.046371422132071,30.355,1.0,32.6
33.69519958496094,59.90106201171875,7.990925395140648,11.107114575378771,6.046371422132071,30.355,1.0,24.1
33.69519958496094,59.90106201171875,7.990925395140648,11.107114575378771,6.046371422132071,30.355,1.0,29.6
33.69519958496094,59.90106201171875,7.990925395140648,11.107114575378771,6.046371422132071,30.355,1.0,28.76666667
33.69519958496094,59.90106201171875,7.990925395140648,11.107114575378771,6.046371422132071,30.355,2.0,55.6
33.69519958496094,59.90106201171875,7.990925395140648,11.107114575378771,6.046371422132071,30.355,2.0,62.6
33.69519958496094,59.90106201171875,7.990925395140648,11.107114575378771,6.046371422132071,30.355,2.0,53.2
33.69519958496094,59.90106201171875,7.990925395140648,11.107114575378771,6.046371422132071,30.355,2.0,57.13333333
33.69519958496094,59.90106201171875,7.990925395140648,11.107114575378771,6.046371422132071,30.355,3.0,79.6
33.69519958496094,59.90106201171875,7.990925395140648,11.107114575378771,6.046371422132071,30.355,3.0,74.6
33.69519958496094,59.90106201171875,7.990925395140648,11.107114575378771,6.046371422132071,30.355,3.0,88.6
33.69519958496094,59.90106201171875,7.990925395140648,11.107114575378771,6.046371422132071,30.355,3.0,80.93333333
33.69519958496094,59.90106201171875,7.990925395140648,11.107114575378771,6.046371422132071,30.355,4.0,100.4
33.69519958496094,59.90106201171875,7.990925395140648,11.107114575378771,6.046371422132071,30.355,4.0,91.6
33.69519958496094,59.90106201171875,7.990925395140648,11.107114575378771,6.046371422132071,30.355,4.0,88.9
33.69519958496094,59.90106201171875,7.990925395140648,11.107114575378771,6.046371422132071,30.355,4.0,93.63333333
33.69519958496094,59.90106201171875,7.990925395140648,11.107114575378771,6.046371422132071,30.355,5.0,129.3
33.69519958496094,59.90106201171875,7.990925395140648,11.107114575378771,6.046371422132071,30.355,5.0,123.6
33.69519958496094,59.90106201171875,7.990925395140648,11.107114575378771,6.046371422132071,30.355,5.0,111.5
33.69519958496094,59.90106201171875,7.990925395140648,11.107114575378771,6.046371422132071,30.355,5.0,121.4666667
36.70020608340992,55.35380045572917,6.750522543636863,10.807842578559091,6.975252665862378,32.27450980392157,0.0,13.5
36.70020608340992,55.35380045572917,6.750522543636863,10.807842578559091,6.975252665862378,32.27450980392157,0.0,8.6
36.70020608340992,55.35380045572917,6.750522543636863,10.807842578559091,6.975252665862378,32.27450980392157,0.0,10.5
36.70020608340992,55.35380045572917,6.750522543636863,10.807842578559091,6.975252665862378,32.27450980392157,0.0,10.86666667
36.70020608340992,55.35380045572917,6.750522543636863,10.807842578559091,6.975252665862378,32.27450980392157,1.0,32.6
36.70020608340992,55.35380045572917,6.750522543636863,10.807842578559091,6.975252665862378,32.27450980392157,1.0,24.1
36.70020608340992,55.35380045572917,6.750522543636863,10.807842578559091,6.975252665862378,32.27450980392157,1.0,29.6
36.70020608340992,55.35380045572917,6.750522543636863,10.807842578559091,6.975252665862378,32.27450980392157,1.0,28.76666667
36.70020608340992,55.35380045572917,6.750522543636863,10.807842578559091,6.975252665862378,32.27450980392157,2.0,55.6
36.70020608340992,55.35380045572917,6.750522543636863,10.807842578559091,6.975252665862378,32.27450980392157,2.0,62.6
36.70020608340992,55.35380045572917,6.750522543636863,10.807842578559091,6.975252665862378,32.27450980392157,2.0,53.2
36.70020608340992,55.35380045572917,6.750522543636863,10.807842578559091,6.975252665862378,32.27450980392157,2.0,57.13333333
36.70020608340992,55.35380045572917,6.750522543636863,10.807842578559091,6.975252665862378,32.27450980392157,3.0,79.6
36.70020608340992,55.35380045572917,6.750522543636863,10.807842578559091,6.975252665862378,32.27450980392157,3.0,74.6
36.70020608340992,55.35380045572917,6.750522543636863,10.807842578559091,6.975252665862378,32.27450980392157,3.0,88.6
36.70020608340992,55.35380045572917,6.750522543636863,10.807842578559091,6.975252665862378,32.27450980392157,3.0,80.93333333
36.70020608340992,55.35380045572917,6.750522543636863,10.807842578559091,6.975252665862378,32.27450980392157,4.0,100.4
36.70020608340992,55.35380045572917,6.750522543636863,10.807842578559091,6.975252665862378,32.27450980392157,4.0,91.6
36.70020608340992,55.35380045572917,6.750522543636863,10.807842578559091,6.975252665862378,32.27450980392157,4.0,88.9
36.70020608340992,55.35380045572917,6.750522543636863,10.807842578559091,6.975252665862378,32.27450980392157,4.0,93.63333333
36.70020608340992,55.35380045572917,6.750522543636863,10.807842578559091,6.975252665862378,32.27450980392157,5.0,129.3
36.70020608340992,55.35380045572917,6.750522543636863,10.807842578559091,6.975252665862378,32.27450980392157,5.0,123.6
36.70020608340992,55.35380045572917,6.750522543636863,10.807842578559091,6.975252665862378,32.27450980392157,5.0,111.5
36.70020608340992,55.35380045572917,6.750522543636863,10.807842578559091,6.975252665862378,32.27450980392157,5.0,121.4666667
38.84184966216216,50.79444679054054,6.396824574061561,9.112963877669072,7.215022324555794,34.24324324324324,0.0,13.5
38.84184966216216,50.79444679054054,6.396824574061561,9.112963877669072,7.215022324555794,34.24324324324324,0.0,8.6
38.84184966216216,50.79444679054054,6.396824574061561,9.112963877669072,7.215022324555794,34.24324324324324,0.0,10.5
38.84184966216216,50.79444679054054,6.396824574061561,9.112963877669072,7.215022324555794,34.24324324324324,0.0,10.86666667
38.84184966216216,50.79444679054054,6.396824574061561,9.112963877669072,7.215022324555794,34.24324324324324,1.0,32.6
38.84184966216216,50.79444679054054,6.396824574061561,9.112963877669072,7.215022324555794,34.24324324324324,1.0,24.1
38.84184966216216,50.79444679054054,6.396824574061561,9.112963877669072,7.215022324555794,34.24324324324324,1.0,29.6
38.84184966216216,50.79444679054054,6.396824574061561,9.112963877669072,7.215022324555794,34.24324324324324,1.0,28.76666667
38.84184966216216,50.79444679054054,6.396824574061561,9.112963877669072,7.215022324555794,34.24324324324324,2.0,55.6
38.84184966216216,50.79444679054054,6.396824574061561,9.112963877669072,7.215022324555794,34.24324324324324,2.0,62.6
38.84184966216216,50.79444679054054,6.396824574061561,9.112963877669072,7.215022324555794,34.24324324324324,2.0,53.2
38.84184966216216,50.79444679054054,6.396824574061561,9.112963877669072,7.215022324555794,34.24324324324324,2.0,57.13333333
38.84184966216216,50.79444679054054,6.396824574061561,9.112963877669072,7.215022324555794,34.24324324324324,3.0,79.6
38.84184966216216,50.79444679054054,6.396824574061561,9.112963877669072,7.215022324555794,34.24324324324324,3.0,74.6
38.84184966216216,50.79444679054054,6.396824574061561,9.112963877669072,7.215022324555794,34.24324324324324,3.0,88.6
38.84184966216216,50.79444679054054,6.396824574061561,9.112963877669072,7.215022324555794,34.24324324324324,3.0,80.93333333
38.84184966216216,50.79444679054054,6.396824574061561,9.112963877669072,7.215022324555794,34.24324324324324,4.0,100.4
38.84184966216216,50.79444679054054,6.396824574061561,9.112963877669072,7.215022324555794,34.24324324324324,4.0,91.6
38.84184966216216,50.79444679054054,6.396824574061561,9.112963877669072,7.215022324555794,34.24324324324324,4.0,88.9
38.84184966216216,50.79444679054054,6.396824574061561,9.112963877669072,7.215022324555794,34.24324324324324,4.0,93.63333333
38.84184966216216,50.79444679054054,6.396824574061561,9.112963877669072,7.215022324555794,34.24324324324324,5.0,129.3
38.84184966216216,50.79444679054054,6.396824574061561,9.112963877669072,7.215022324555794,34.24324324324324,5.0,123.6
38.84184966216216,50.79444679054054,6.396824574061561,9.112963877669072,7.215022324555794,34.24324324324324,5.0,111.5
38.84184966216216,50.79444679054054,6.396824574061561,9.112963877669072,7.215022324555794,34.24324324324324,5.0,121.4666667
35.64192389562932,62.17270717825941,5.724277270007162,11.303243902197854,7.869988336454345,32.974654377880185,0.0,13.5
35.64192389562932,62.17270717825941,5.724277270007162,11.303243902197854,7.869988336454345,32.974654377880185,0.0,8.6
35.64192389562932,62.17270717825941,5.724277270007162,11.303243902197854,7.869988336454345,32.974654377880185,0.0,10.5
35.64192389562932,62.17270717825941,5.724277270007162,11.303243902197854,7.869988336454345,32.974654377880185,0.0,10.86666667
35.64192389562932,62.17270717825941,5.724277270007162,11.303243902197854,7.869988336454345,32.974654377880185,1.0,32.6
35.64192389562932,62.17270717825941,5.724277270007162,11.303243902197854,7.869988336454345,32.974654377880185,1.0,24.1
35.64192389562932,62.17270717825941,5.724277270007162,11.303243902197854,7.869988336454345,32.974654377880185,1.0,29.6
35.64192389562932,62.17270717825941,5.724277270007162,11.303243902197854,7.869988336454345,32.974654377880185,1.0,28.76666667
35.64192389562932,62.17270717825941,5.724277270007162,11.303243902197854,7.869988336454345,32.974654377880185,2.0,55.6
35.64192389562932,62.17270717825941,5.724277270007162,11.303243902197854,7.869988336454345,32.974654377880185,2.0,62.6
35.64192389562932,62.17270717825941,5.724277270007162,11.303243902197854,7.869988336454345,32.974654377880185,2.0,53.2
35.64192389562932,62.17270717825941,5.724277270007162,11.303243902197854,7.869988336454345,32.974654377880185,2.0,57.13333333
35.64192389562932,62.17270717825941,5.724277270007162,11.303243902197854,7.869988336454345,32.974654377880185,3.0,79.6
35.64192389562932,62.17270717825941,5.724277270007162,11.303243902197854,7.869988336454345,32.974654377880185,3.0,74.6
35.64192389562932,62.17270717825941,5.724277270007162,11.303243902197854,7.869988336454345,32.974654377880185,3.0,88.6
35.64192389562932,62.17270717825941,5.724277270007162,11.303243902197854,7.869988336454345,32.974654377880185,3.0,80.93333333
35.64192389562932,62.17270717825941,5.724277270007162,11.303243902197854,7.869988336454345,32.974654377880185,4.0,100.4
35.64192389562932,62.17270717825941,5.724277270007162,11.303243902197854,7.869988336454345,32.974654377880185,4.0,91.6
35.64192389562932,62.17270717825941,5.724277270007162,11.303243902197854,7.869988336454345,32.974654377880185,4.0,88.9
35.64192389562932,62.17270717825941,5.724277270007162,11.303243902197854,7.869988336454345,32.974654377880185,4.0,93.63333333
35.64192389562932,62.17270717825941,5.724277270007162,11.303243902197854,7.869988336454345,32.974654377880185,5.0,129.3
35.64192389562932,62.17270717825941,5.724277270007162,11.303243902197854,7.869988336454345,32.974654377880185,5.0,123.6
35.64192389562932,62.17270717825941,5.724277270007162,11.303243902197854,7.869988336454345,32.974654377880185,5.0,111.5
35.64192389562932,62.17270717825941,5.724277270007162,11.303243902197854,7.869988336454345,32.974654377880185,5.0,121.4666667
31.778211535120302,74.92480131746069,6.736992908862466,12.22572223102032,7.32081727691429,28.97622699386503,0.0,13.5
31.778211535120302,74.92480131746069,6.736992908862466,12.22572223102032,7.32081727691429,28.97622699386503,0.0,8.6
31.778211535120302,74.92480131746069,6.736992908862466,12.22572223102032,7.32081727691429,28.97622699386503,0.0,10.5
31.778211535120302,74.92480131746069,6.736992908862466,12.22572223102032,7.32081727691429,28.97622699386503,0.0,10.86666667
31.778211535120302,74.92480131746069,6.736992908862466,12.22572223102032,7.32081727691429,28.97622699386503,1.0,32.6
31.778211535120302,74.92480131746069,6.736992908862466,12.22572223102032,7.32081727691429,28.97622699386503,1.0,24.1
31.778211535120302,74.92480131746069,6.736992908862466,12.22572223102032,7.32081727691429,28.97622699386503,1.0,29.6
31.778211535120302,74.92480131746069,6.736992908862466,12.22572223102032,7.32081727691429,28.97622699386503,1.0,28.76666667
31.778211535120302,74.92480131746069,6.736992908862466,12.22572223102032,7.32081727691429,28.97622699386503,2.0,55.6
31.778211535120302,74.92480131746069,6.736992908862466,12.22572223102032,7.32081727691429,28.97622699386503,2.0,62.6
31.778211535120302,74.92480131746069,6.736992908862466,12.22572223102032,7.32081727691429,28.97622699386503,2.0,53.2
31.778211535120302,74.92480131746069,6.736992908862466,12.22572223102032,7.32081727691429,28.97622699386503,2.0,57.13333333
31.778211535120302,74.92480131746069,6.736992908862466,12.22572223102032,7.32081727691429,28.97622699386503,3.0,79.6
31.778211535120302,74.92480131746069,6.736992908862466,12.22572223102032,7.32081727691429,28.97622699386503,3.0,74.6
31.778211535120302,74.92480131746069,6.736992908862466,12.22572223102032,7.32081727691429,28.97622699386503,3.0,88.6
31.778211535120302,74.92480131746069,6.736992908862466,12.22572223102032,7.32081727691429,28.97622699386503,3.0,80.93333333
31.778211535120302,74.92480131746069,6.736992908862466,12.22572223102032,7.32081727691429,28.97622699386503,4.0,100.4
31.778211535120302,74.92480131746069,6.736992908862466,12.22572223102032,7.32081727691429,28.97622699386503,4.0,91.6
31.778211535120302,74.92480131746069,6.736992908862466,12.22572223102032,7.32081727691429,28.97622699386503,4.0,88.9
31.778211535120302,74.92480131746069,6.736992908862466,12.22572223102032,7.32081727691429,28.97622699386503,4.0,93.63333333
31.778211535120302,74.92480131746069,6.736992908862466,12.22572223102032,7.32081727691429,28.97622699386503,5.0,129.3
31.778211535120302,74.92480131746069,6.736992908862466,12.22572223102032,7.32081727691429,28.97622699386503,5.0,123.6
31.778211535120302,74.92480131746069,6.736992908862466,12.22572223102032,7.32081727691429,28.97622699386503,5.0,111.5
31.778211535120302,74.92480131746069,6.736992908862466,12.22572223102032,7.32081727691429,28.97622699386503,5.0,121.4666667
30.968685969253254,76.61716016523677,7.017258127192803,12.23366718240159,7.543801012401301,27.0989263803681,0.0,13.5
30.968685969253254,76.61716016523677,7.017258127192803,12.23366718240159,7.543801012401301,27.0989263803681,0.0,8.6
30.968685969253254,76.61716016523677,7.017258127192803,12.23366718240159,7.543801012401301,27.0989263803681,0.0,10.5
30.968685969253254,76.61716016523677,7.017258127192803,12.23366718240159,7.543801012401301,27.0989263803681,0.0,10.86666667
30.968685969253254,76.61716016523677,7.017258127192803,12.23366718240159,7.543801012401301,27.0989263803681,1.0,32.6
30.968685969253254,76.61716016523677,7.017258127192803,12.23366718240159,7.543801012401301,27.0989263803681,1.0,24.1
30.968685969253254,76.61716016523677,7.017258127192803,12.23366718240159,7.543801012401301,27.0989263803681,1.0,29.6
30.968685969253254,76.61716016523677,7.017258127192803,12.23366718240159,7.543801012401301,27.0989263803681,1.0,28.76666667
30.968685969253254,76.61716016523677,7.017258127192803,12.23366718240159,7.543801012401301,27.0989263803681,2.0,55.6
30.968685969253254,76.61716016523677,7.017258127192803,12.23366718240159,7.543801012401301,27.0989263803681,2.0,62.6
30.968685969253254,76.61716016523677,7.017258127192803,12.23366718240159,7.543801012401301,27.0989263803681,2.0,53.2
30.968685969253254,76.61716016523677,7.017258127192803,12.23366718240159,7.543801012401301,27.0989263803681,2.0,57.13333333
30.968685969253254,76.61716016523677,7.017258127192803,12.23366718240159,7.543801012401301,27.0989263803681,3.0,79.6
30.968685969253254,76.61716016523677,7.017258127192803,12.23366718240159,7.543801012401301,27.0989263803681,3.0,74.6
30.968685969253254,76.61716016523677,7.017258127192803,12.23366718240159,7.543801012401301,27.0989263803681,3.0,88.6
30.968685969253254,76.61716016523677,7.017258127192803,12.23366718240159,7.543801012401301,27.0989263803681,3.0,80.93333333
30.968685969253254,76.61716016523677,7.017258127192803,12.23366718240159,7.543801012401301,27.0989263803681,4.0,100.4
30.968685969253254,76.61716016523677,7.017258127192803,12.23366718240159,7.543801012401301,27.0989263803681,4.0,91.6
30.968685969253254,76.61716016523677,7.017258127192803,12.23366718240159,7.543801012401301,27.0989263803681,4.0,88.9
30.968685969253254,76.61716016523677,7.017258127192803,12.23366718240159,7.543801012401301,27.0989263803681,4.0,93.63333333
30.968685969253254,76.61716016523677,7.017258127192803,12.23366718240159,7.543801012401301,27.0989263803681,5.0,129.3
30.968685969253254,76.61716016523677,7.017258127192803,12.23366718240159,7.543801012401301,27.0989263803681,5.0,123.6
30.968685969253254,76.61716016523677,7.017258127192803,12.23366718240159,7.543801012401301,27.0989263803681,5.0,111.5
30.968685969253254,76.61716016523677,7.017258127192803,12.23366718240159,7.543801012401301,27.0989263803681,5.0,121.4666667
31.12921768819391,75.15784083975402,6.628432515288307,11.876258365261974,7.881327870431049,27.33690658499234,0.0,13.5
31.12921768819391,75.15784083975402,6.628432515288307,11.876258365261974,7.881327870431049,27.33690658499234,0.0,8.6
31.12921768819391,75.15784083975402,6.628432515288307,11.876258365261974,7.881327870431049,27.33690658499234,0.0,10.5
31.12921768819391,75.15784083975402,6.628432515288307,11.876258365261974,7.881327870431049,27.33690658499234,0.0,10.86666667
31.12921768819391,75.15784083975402,6.628432515288307,11.876258365261974,7.881327870431049,27.33690658499234,1.0,32.6
31.12921768819391,75.15784083975402,6.628432515288307,11.876258365261974,7.881327870431049,27.33690658499234,1.0,24.1
31.12921768819391,75.15784083975402,6.628432515288307,11.876258365261974,7.881327870431049,27.33690658499234,1.0,29.6
31.12921768819391,75.15784083975402,6.628432515288307,11.876258365261974,7.881327870431049,27.33690658499234,1.0,28.76666667
31.12921768819391,75.15784083975402,6.628432515288307,11.876258365261974,7.881327870431049,27.33690658499234,2.0,55.6
31.12921768819391,75.15784083975402,6.628432515288307,11.876258365261974,7.881327870431049,27.33690658499234,2.0,62.6
31.12921768819391,75.15784083975402,6.628432515288307,11.876258365261974,7.881327870431049,27.33690658499234,2.0,53.2
31.12921768819391,75.15784083975402,6.628432515288307,11.876258365261974,7.881327870431049,27.33690658499234,2.0,57.13333333
31.12921768819391,75.15784083975402,6.628432515288307,11.876258365261974,7.881327870431049,27.33690658499234,3.0,79.6
31.12921768819391,75.15784083975402,6.628432515288307,11.876258365261974,7.881327870431049,27.33690658499234,3.0,74.6
31.12921768819391,75.15784083975402,6.628432515288307,11.876258365261974,7.881327870431049,27.33690658499234,3.0,88.6
31.12921768819391,75.15784083975402,6.628432515288307,11.876258365261974,7.881327870431049,27.33690658499234,3.0,80.93333333
31.12921768819391,75.15784083975402,6.628432515288307,11.876258365261974,7.881327870431049,27.33690658499234,4.0,100.4
31.12921768819391,75.15784083975402,6.628432515288307,11.876258365261974,7.881327870431049,27.33690658499234,4.0,91.6
31.12921768819391,75.15784083975402,6.628432515288307,11.876258365261974,7.881327870431049,27.33690658499234,4.0,88.9
31.12921768819391,75.15784083975402,6.628432515288307,11.876258365261974,7.881327870431049,27.33690658499234,4.0,93.63333333
31.12921768819391,75.15784083975402,6.628432515288307,11.876258365261974,7.881327870431049,27.33690658499234,5.0,129.3
31.12921768819391,75.15784083975402,6.628432515288307,11.876258365261974,7.881327870431049,27.33690658499234,5.0,123.6
31.12921768819391,75.15784083975402,6.628432515288307,11.876258365261974,7.881327870431049,27.33690658499234,5.0,111.5
31.12921768819391,75.15784083975402,6.628432515288307,11.876258365261974,7.881327870431049,27.33690658499234,5.0,121.4666667
31.3220907574051,75.10567881578316,6.370512120302841,11.683691817225595,8.275621136262135,27.803680981595093,0.0,13.5
31.3220907574051,75.10567881578316,6.370512120302841,11.683691817225595,8.275621136262135,27.803680981595093,0.0,8.6
31.3220907574051,75.10567881578316,6.370512120302841,11.683691817225595,8.275621136262135,27.803680981595093,0.0,10.5
31.3220907574051,75.10567881578316,6.370512120302841,11.683691817225595,8.275621136262135,27.803680981595093,0.0,10.86666667
31.3220907574051,75.10567881578316,6.370512120302841,11.683691817225595,8.275621136262135,27.803680981595093,1.0,32.6
31.3220907574051,75.10567881578316,6.370512120302841,11.683691817225595,8.275621136262135,27.803680981595093,1.0,24.1
31.3220907574051,75.10567881578316,6.370512120302841,11.683691817225595,8.275621136262135,27.803680981595093,1.0,29.6
31.3220907574051,75.10567881578316,6.370512120302841,11.683691817225595,8.275621136262135,27.803680981595093,1.0,28.76666667
31.3220907574051,75.10567881578316,6.370512120302841,11.683691817225595,8.275621136262135,27.803680981595093,2.0,55.6
31.3220907574051,75.10567881578316,6.370512120302841,11.683691817225595,8.275621136262135,27.803680981595093,2.0,62.6
31.3220907574051,75.10567881578316,6.370512120302841,11.683691817225595,8.275621136262135,27.803680981595093,2.0,53.2
31.3220907574051,75.10567881578316,6.370512120302841,11.683691817225595,8.275621136262135,27.803680981595093,2.0,57.13333333
31.3220907574051,75.10567881578316,6.370512120302841,11.683691817225595,8.275621136262135,27.803680981595093,3.0,79.6
31.3220907574051,75.10567881578316,6.370512120302841,11.683691817225595,8.275621136262135,27.803680981595093,3.0,74.6
31.3220907574051,75.10567881578316,6.370512120302841,11.683691817225595,8.275621136262135,27.803680981595093,3.0,88.6
31.3220907574051,75.10567881578316,6.370512120302841,11.683691817225595,8.275621136262135,27.803680981595093,3.0,80.93333333
31.3220907574051,75.10567881578316,6.370512120302841,11.683691817225595,8.275621136262135,27.803680981595093,4.0,100.4
31.3220907574051,75.10567881578316,6.370512120302841,11.683691817225595,8.275621136262135,27.803680981595093,4.0,91.6
31.3220907574051,75.10567881578316,6.370512120302841,11.683691817225595,8.275621136262135,27.803680981595093,4.0,88.9
31.3220907574051,75.10567881578316,6.370512120302841,11.683691817225595,8.275621136262135,27.803680981595093,4.0,93.63333333
31.3220907574051,75.10567881578316,6.370512120302841,11.683691817225595,8.275621136262135,27.803680981595093,5.0,129.3
31.3220907574051,75.10567881578316,6.370512120302841,11.683691817225595,8.275621136262135,27.803680981595093,5.0,123.6
31.3220907574051,75.10567881578316,6.370512120302841,11.683691817225595,8.275621136262135,27.803680981595093,5.0,111.5
31.3220907574051,75.10567881578316,6.370512120302841,11.683691817225595,8.275621136262135,27.803680981595093,5.0,121.4666667
32.1639602754745,71.77929088381902,6.23272472333266,11.607556032640597,8.213590471094294,28.346625766871167,0.0,13.5
32.1639602754745,71.77929088381902,6.23272472333266,11.607556032640597,8.213590471094294,28.346625766871167,0.0,8.6
32.1639602754745,71.77929088381902,6.23272472333266,11.607556032640597,8.213590471094294,28.346625766871167,0.0,10.5
32.1639602754745,71.77929088381902,6.23272472333266,11.607556032640597,8.213590471094294,28.346625766871167,0.0,10.86666667
32.1639602754745,71.77929088381902,6.23272472333266,11.607556032640597,8.213590471094294,28.346625766871167,1.0,32.6
32.1639602754745,71.77929088381902,6.23272472333266,11.607556032640597,8.213590471094294,28.346625766871167,1.0,24.1
32.1639602754745,71.77929088381902,6.23272472333266,11.607556032640597,8.213590471094294,28.346625766871167,1.0,29.6
32.1639602754745,71.77929088381902,6.23272472333266,11.607556032640597,8.213590471094294,28.346625766871167,1.0,28.76666667
32.1639602754745,71.77929088381902,6.23272472333266,11.607556032640597,8.213590471094294,28.346625766871167,2.0,55.6
32.1639602754745,71.77929088381902,6.23272472333266,11.607556032640597,8.213590471094294,28.346625766871167,2.0,62.6
32.1639602754745,71.77929088381902,6.23272472333266,11.607556032640597,8.213590471094294,28.346625766871167,2.0,53.2
32.1639602754745,71.77929088381902,6.23272472333266,11.607556032640597,8.213590471094294,28.346625766871167,2.0,57.13333333
32.1639602754745,71.77929088381902,6.23272472333266,11.607556032640597,8.213590471094294,28.346625766871167,3.0,79.6
32.1639602754745,71.77929088381902,6.23272472333266,11.607556032640597,8.213590471094294,28.346625766871167,3.0,74.6
32.1639602754745,71.77929088381902,6.23272472333266,11.607556032640597,8.213590471094294,28.346625766871167,3.0,88.6
32.1639602754745,71.77929088381902,6.23272472333266,11.607556032640597,8.213590471094294,28.346625766871167,3.0,80.93333333
32.1639602754745,71.77929088381902,6.23272472333266,11.607556032640597,8.213590471094294,28.346625766871167,4.0,100.4
32.1639602754745,71.77929088381902,6.23272472333266,11.607556032640597,8.213590471094294,28.346625766871167,4.0,91.6
32.1639602754745,71.77929088381902,6.23272472333266,11.607556032640597,8.213590471094294,28.346625766871167,4.0,88.9
32.1639602754745,71.77929088381902,6.23272472333266,11.607556032640597,8.213590471094294,28.346625766871167,4.0,93.63333333
32.1639602754745,71.77929088381902,6.23272472333266,11.607556032640597,8.213590471094294,28.346625766871167,5.0,129.3
32.1639602754745,71.77929088381902,6.23272472333266,11.607556032640597,8.213590471094294,28.346625766871167,5.0,123.6
32.1639602754745,71.77929088381902,6.23272472333266,11.607556032640597,8.213590471094294,28.346625766871167,5.0,111.5
32.1639602754745,71.77929088381902,6.23272472333266,11.607556032640597,8.213590471094294,28.346625766871167,5.0,121.4666667
32.43246687219498,69.44167766165226,6.289843341792793,11.974536343293806,7.959982305468046,28.84840425531915,0.0,13.5
32.43246687219498,69.44167766165226,6.289843341792793,11.974536343293806,7.959982305468046,28.84840425531915,0.0,8.6
32.43246687219498,69.44167766165226,6.289843341792793,11.974536343293806,7.959982305468046,28.84840425531915,0.0,10.5
32.43246687219498,69.44167766165226,6.289843341792793,11.974536343293806,7.959982305468046,28.84840425531915,0.0,10.86666667
32.43246687219498,69.44167766165226,6.289843341792793,11.974536343293806,7.959982305468046,28.84840425531915,1.0,32.6
32.43246687219498,69.44167766165226,6.289843341792793,11.974536343293806,7.959982305468046,28.84840425531915,1.0,24.1
32.43246687219498,69.44167766165226,6.289843341792793,11.974536343293806,7.959982305468046,28.84840425531915,1.0,29.6
32.43246687219498,69.44167766165226,6.289843341792793,11.974536343293806,7.959982305468046,28.84840425531915,1.0,28.76666667
32.43246687219498,69.44167766165226,6.289843341792793,11.974536343293806,7.959982305468046,28.84840425531915,2.0,55.6
32.43246687219498,69.44167766165226,6.289843341792793,11.974536343293806,7.959982305468046,28.84840425531915,2.0,62.6
32.43246687219498,69.44167766165226,6.289843341792793,11.974536343293806,7.959982305468046,28.84840425531915,2.0,53.2
32.43246687219498,69.44167766165226,6.289843341792793,11.974536343293806,7.959982305468046,28.84840425531915,2.0,57.13333333
32.43246687219498,69.44167766165226,6.289843341792793,11.974536343293806,7.959982305468046,28.84840425531915,3.0,79.6
32.43246687219498,69.44167766165226,6.289843341792793,11.974536343293806,7.959982305468046,28.84840425531915,3.0,74.6
32.43246687219498,69.44167766165226,6.289843341792793,11.974536343293806,7.959982305468046,28.84840425531915,3.0,88.6
32.43246687219498,69.44167766165226,6.289843341792793,11.974536343293806,7.959982305468046,28.84840425531915,3.0,80.93333333
32.43246687219498,69.44167766165226,6.289843341792793,11.974536343293806,7.959982305468046,28.84840425531915,4.0,100.4
32.43246687219498,69.44167766165226,6.289843341792793,11.974536343293806,7.959982305468046,28.84840425531915,4.0,91.6
32.43246687219498,69.44167766165226,6.289843341792793,11.974536343293806,7.959982305468046,28.84840425531915,4.0,88.9
32.43246687219498,69.44167766165226,6.289843341792793,11.974536343293806,7.959982305468046,28.84840425531915,4.0,93.63333333
32.43246687219498,69.44167766165226,6.289843341792793,11.974536343293806,7.959982305468046,28.84840425531915,5.0,129.3
32.43246687219498,69.44167766165226,6.289843341792793,11.974536343293806,7.959982305468046,28.84840425531915,5.0,123.6
32.43246687219498,69.44167766165226,6.289843341792793,11.974536343293806,7.959982305468046,28.84840425531915,5.0,111.5
32.43246687219498,69.44167766165226,6.289843341792793,11.974536343293806,7.959982305468046,28.84840425531915,5.0,121.4666667
35.94351246317879,59.9147508965164,5.437469297786555,11.348461828130295,8.06225776536355,33.34918032786885,0.0,13.5
35.94351246317879,59.9147508965164,5.437469297786555,11.348461828130295,8.06225776536355,33.34918032786885,0.0,8.6
35.94351246317879,59.9147508965164,5.437469297786555,11.348461828130295,8.06225776536355,33.34918032786885,0.0,10.5
35.94351246317879,59.9147508965164,5.437469297786555,11.348461828130295,8.06225776536355,33.34918032786885,0.0,10.86666667
35.94351246317879,59.9147508965164,5.437469297786555,11.348461828130295,8.06225776536355,33.34918032786885,1.0,32.6
35.94351246317879,59.9147508965164,5.437469297786555,11.348461828130295,8.06225776536355,33.34918032786885,1.0,24.1
35.94351246317879,59.9147508965164,5.437469297786555,11.348461828130295,8.06225776536355,33.34918032786885,1.0,29.6
35.94351246317879,59.9147508965164,5.437469297786555,11.348461828130295,8.06225776536355,33.34918032786885,1.0,28.76666667
35.94351246317879,59.9147508965164,5.437469297786555,11.348461828130295,8.06225776536355,33.34918032786885,2.0,55.6
35.94351246317879,59.9147508965164,5.437469297786555,11.348461828130295,8.06225776536355,33.34918032786885,2.0,62.6
35.94351246317879,59.9147508965164,5.437469297786555,11.348461828130295,8.06225776536355,33.34918032786885,2.0,53.2
35.94351246317879,59.9147508965164,5.437469297786555,11.348461828130295,8.06225776536355,33.34918032786885,2.0,57.13333333
35.94351246317879,59.9147508965164,5.437469297786555,11.348461828130295,8.06225776536355,33.34918032786885,3.0,79.6
35.94351246317879,59.9147508965164,5.437469297786555,11.348461828130295,8.06225776536355,33.34918032786885,3.0,74.6
35.94351246317879,59.9147508965164,5.437469297786555,11.348461828130295,8.06225776536355,33.34918032786885,3.0,88.6
35.94351246317879,59.9147508965164,5.437469297786555,11.348461828130295,8.06225776536355,33.34918032786885,3.0,80.93333333
35.94351246317879,59.9147508965164,5.437469297786555,11.348461828130295,8.06225776536355,33.34918032786885,4.0,100.4
35.94351246317879,59.9147508965164,5.437469297786555,11.348461828130295,8.06225776536355,33.34918032786885,4.0,91.6
35.94351246317879,59.9147508965164,5.437469297786555,11.348461828130295,8.06225776536355,33.34918032786885,4.0,88.9
35.94351246317879,59.9147508965164,5.437469297786555,11.348461828130295,8.06225776536355,33.34918032786885,4.0,93.63333333
35.94351246317879,59.9147508965164,5.437469297786555,11.348461828130295,8.06225776536355,33.34918032786885,5.0,129.3
35.94351246317879,59.9147508965164,5.437469297786555,11.348461828130295,8.06225776536355,33.34918032786885,5.0,123.6
35.94351246317879,59.9147508965164,5.437469297786555,11.348461828130295,8.06225776536355,33.34918032786885,5.0,111.5
35.94351246317879,59.9147508965164,5.437469297786555,11.348461828130295,8.06225776536355,33.34918032786885,5.0,121.4666667
31.88203963765337,72.67688212950537,5.1756902162232565,10.65610969136645,9.056327784622065,30.170245398773005,0.0,13.5
31.88203963765337,72.67688212950537,5.1756902162232565,10.65610969136645,9.056327784622065,30.170245398773005,0.0,8.6
31.88203963765337,72.67688212950537,5.1756902162232565,10.65610969136645,9.056327784622065,30.170245398773005,0.0,10.5
31.88203963765337,72.67688212950537,5.1756902162232565,10.65610969136645,9.056327784622065,30.170245398773005,0.0,10.86666667
31.88203963765337,72.67688212950537,5.1756902162232565,10.65610969136645,9.056327784622065,30.170245398773005,1.0,32.6
31.88203963765337,72.67688212950537,5.1756902162232565,10.65610969136645,9.056327784622065,30.170245398773005,1.0,24.1
31.88203963765337,72.67688212950537,5.1756902162232565,10.65610969136645,9.056327784622065,30.170245398773005,1.0,29.6
31.88203963765337,72.67688212950537,5.1756902162232565,10.65610969136645,9.056327784622065,30.170245398773005,1.0,28.76666667
31.88203963765337,72.67688212950537,5.1756902162232565,10.65610969136645,9.056327784622065,30.170245398773005,2.0,55.6
31.88203963765337,72.67688212950537,5.1756902162232565,10.65610969136645,9.056327784622065,30.170245398773005,2.0,62.6
31.88203963765337,72.67688212950537,5.1756902162232565,10.65610969136645,9.056327784622065,30.170245398773005,2.0,53.2
31.88203963765337,72.67688212950537,5.1756902162232565,10.65610969136645,9.056327784622065,30.170245398773005,2.0,57.13333333
31.88203963765337,72.67688212950537,5.1756902162232565,10.65610969136645,9.056327784622065,30.170245398773005,3.0,79.6
31.88203963765337,72.67688212950537,5.1756902162232565,10.65610969136645,9.056327784622065,30.170245398773005,3.0,74.6
31.88203963765337,72.67688212950537,5.1756902162232565,10.65610969136645,9.056327784622065,30.170245398773005,3.0,88.6
31.88203963765337,72.67688212950537,5.1756902162232565,10.65610969136645,9.056327784622065,30.170245398773005,3.0,80.93333333
31.88203963765337,72.67688212950537,5.1756902162232565,10.65610969136645,9.056327784622065,30.170245398773005,4.0,100.4
31.88203963765337,72.67688212950537,5.1756902162232565,10.65610969136645,9.056327784622065,30.170245398773005,4.0,91.6
31.88203963765337,72.67688212950537,5.1756902162232565,10.65610969136645,9.056327784622065,30.170245398773005,4.0,88.9
31.88203963765337,72.67688212950537,5.1756902162232565,10.65610969136645,9.056327784622065,30.170245398773005,4.0,93.63333333
31.88203963765337,72.67688212950537,5.1756902162232565,10.65610969136645,9.056327784622065,30.170245398773005,5.0,129.3
31.88203963765337,72.67688212950537,5.1756902162232565,10.65610969136645,9.056327784622065,30.170245398773005,5.0,123.6
31.88203963765337,72.67688212950537,5.1756902162232565,10.65610969136645,9.056327784622065,30.170245398773005,5.0,111.5
31.88203963765337,72.67688212950537,5.1756902162232565,10.65610969136645,9.056327784622065,30.170245398773005,5.0,121.4666667
30.660414432455426,76.19092508327742,5.604365339918393,10.65258680316883,9.187838325514267,26.500766871165645,0.0,13.5
30.660414432455426,76.19092508327742,5.604365339918393,10.65258680316883,9.187838325514267,26.500766871165645,0.0,8.6
30.660414432455426,76.19092508327742,5.604365339918393,10.65258680316883,9.187838325514267,26.500766871165645,0.0,10.5
30.660414432455426,76.19092508327742,5.604365339918393,10.65258680316883,9.187838325514267,26.500766871165645,0.0,10.86666667
30.660414432455426,76.19092508327742,5.604365339918393,10.65258680316883,9.187838325514267,26.500766871165645,1.0,32.6
30.660414432455426,76.19092508327742,5.604365339918393,10.65258680316883,9.187838325514267,26.500766871165645,1.0,24.1
30.660414432455426,76.19092508327742,5.604365339918393,10.65258680316883,9.187838325514267,26.500766871165645,1.0,29.6
30.660414432455426,76.19092508327742,5.604365339918393,10.65258680316883,9.187838325514267,26.500766871165645,1.0,28.76666667
30.660414432455426,76.19092508327742,5.604365339918393,10.65258680316883,9.187838325514267,26.500766871165645,2.0,55.6
30.660414432455426,76.19092508327742,5.604365339918393,10.65258680316883,9.187838325514267,26.500766871165645,2.0,62.6
30.660414432455426,76.19092508327742,5.604365339918393,10.65258680316883,9.187838325514267,26.500766871165645,2.0,53.2
30.660414432455426,76.19092508327742,5.604365339918393,10.65258680316883,9.187838325514267,26.500766871165645,2.0,57.13333333
30.660414432455426,76.19092508327742,5.604365339918393,10.65258680316883,9.187838325514267,26.500766871165645,3.0,79.6
30.660414432455426,76.19092508327742,5.604365339918393,10.65258680316883,9.187838325514267,26.500766871165645,3.0,74.6
30.660414432455426,76.19092508327742,5.604365339918393,10.65258680316883,9.187838325514267,26.500766871165645,3.0,88.6
30.660414432455426,76.19092508327742,5.604365339918393,10.65258680316883,9.187838325514267,26.500766871165645,3.0,80.93333333
30.660414432455426,76.19092508327742,5.604365339918393,10.65258680316883,9.187838325514267,26.500766871165645,4.0,100.4
30.660414432455426,76.19092508327742,5.604365339918393,10.65258680316883,9.187838325514267,26.500766871165645,4.0,91.6
30.660414432455426,76.19092508327742,5.604365339918393,10.65258680316883,9.187838325514267,26.500766871165645,4.0,88.9
30.660414432455426,76.19092508327742,5.604365339918393,10.65258680316883,9.187838325514267,26.500766871165645,4.0,93.63333333
30.660414432455426,76.19092508327742,5.604365339918393,10.65258680316883,9.187838325514267,26.500766871165645,5.0,129.3
30.660414432455426,76.19092508327742,5.604365339918393,10.65258680316883,9.187838325514267,26.500766871165645,5.0,123.6
30.660414432455426,76.19092508327742,5.604365339918393,10.65258680316883,9.187838325514267,26.500766871165645,5.0,111.5
30.660414432455426,76.19092508327742,5.604365339918393,10.65258680316883,9.187838325514267,26.500766871165645,5.0,121.4666667
31.058072049193587,73.96360994116661,5.721408977309571,10.63460970368054,9.319659970327596,26.60122699386503,0.0,13.5
31.058072049193587,73.96360994116661,5.721408977309571,10.63460970368054,9.319659970327596,26.60122699386503,0.0,8.6
31.058072049193587,73.96360994116661,5.721408977309571,10.63460970368054,9.319659970327596,26.60122699386503,0.0,10.5
31.058072049193587,73.96360994116661,5.721408977309571,10.63460970368054,9.319659970327596,26.60122699386503,0.0,10.86666667
31.058072049193587,73.96360994116661,5.721408977309571,10.63460970368054,9.319659970327596,26.60122699386503,1.0,32.6
31.058072049193587,73.96360994116661,5.721408977309571,10.63460970368054,9.319659970327596,26.60122699386503,1.0,24.1
31.058072049193587,73.96360994116661,5.721408977309571,10.63460970368054,9.319659970327596,26.60122699386503,1.0,29.6
31.058072049193587,73.96360994116661,5.721408977309571,10.63460970368054,9.319659970327596,26.60122699386503,1.0,28.76666667
31.058072049193587,73.96360994116661,5.721408977309571,10.63460970368054,9.319659970327596,26.60122699386503,2.0,55.6
31.058072049193587,73.96360994116661,5.721408977309571,10.63460970368054,9.319659970327596,26.60122699386503,2.0,62.6
31.058072049193587,73.96360994116661,5.721408977309571,10.63460970368054,9.319659970327596,26.60122699386503,2.0,53.2
31.058072049193587,73.96360994116661,5.721408977309571,10.63460970368054,9.319659970327596,26.60122699386503,2.0,57.13333333
31.058072049193587,73.96360994116661,5.721408977309571,10.63460970368054,9.319659970327596,26.60122699386503,3.0,79.6
31.058072049193587,73.96360994116661,5.721408977309571,10.63460970368054,9.319659970327596,26.60122699386503,3.0,74.6
31.058072049193587,73.96360994116661,5.721408977309571,10.63460970368054,9.319659970327596,26.60122699386503,3.0,88.6
31.058072049193587,73.96360994116661,5.721408977309571,10.63460970368054,9.319659970327596,26.60122699386503,3.0,80.93333333
31.058072049193587,73.96360994116661,5.721408977309571,10.63460970368054,9.319659970327596,26.60122699386503,4.0,100.4
31.058072049193587,73.96360994116661,5.721408977309571,10.63460970368054,9.319659970327596,26.60122699386503,4.0,91.6
31.058072049193587,73.96360994116661,5.721408977309571,10.63460970368054,9.319659970327596,26.60122699386503,4.0,88.9
31.058072049193587,73.96360994116661,5.721408977309571,10.63460970368054,9.319659970327596,26.60122699386503,4.0,93.63333333
31.058072049193587,73.96360994116661,5.721408977309571,10.63460970368054,9.319659970327596,26.60122699386503,5.0,129.3
31.058072049193587,73.96360994116661,5.721408977309571,10.63460970368054,9.319659970327596,26.60122699386503,5.0,123.6
31.058072049193587,73.96360994116661,5.721408977309571,10.63460970368054,9.319659970327596,26.60122699386503,5.0,111.5
31.058072049193587,73.96360994116661,5.721408977309571,10.63460970368054,9.319659970327596,26.60122699386503,5.0,121.4666667
31.37236753124401,72.65416244787673,5.599588567135114,10.688159541804028,9.230018832157365,26.91411042944785,0.0,13.5
31.37236753124401,72.65416244787673,5.599588567135114,10.688159541804028,9.230018832157365,26.91411042944785,0.0,8.6
31.37236753124401,72.65416244787673,5.599588567135114,10.688159541804028,9.230018832157365,26.91411042944785,0.0,10.5
31.37236753124401,72.65416244787673,5.599588567135114,10.688159541804028,9.230018832157365,26.91411042944785,0.0,10.86666667
31.37236753124401,72.65416244787673,5.599588567135114,10.688159541804028,9.230018832157365,26.91411042944785,1.0,32.6
31.37236753124401,72.65416244787673,5.599588567135114,10.688159541804028,9.230018832157365,26.91411042944785,1.0,24.1
31.37236753124401,72.65416244787673,5.599588567135114,10.688159541804028,9.230018832157365,26.91411042944785,1.0,29.6
31.37236753124401,72.65416244787673,5.599588567135114,10.688159541804028,9.230018832157365,26.91411042944785,1.0,28.76666667
31.37236753124401,72.65416244787673,5.599588567135114,10.688159541804028,9.230018832157365,26.91411042944785,2.0,55.6
31.37236753124401,72.65416244787673,5.599588567135114,10.688159541804028,9.230018832157365,26.91411042944785,2.0,62.6
31.37236753124401,72.65416244787673,5.599588567135114,10.688159541804028,9.230018832157365,26.91411042944785,2.0,53.2
31.37236753124401,72.65416244787673,5.599588567135114,10.688159541804028,9.230018832157365,26.91411042944785,2.0,57.13333333
31.37236753124401,72.65416244787673,5.599588567135114,10.688159541804028,9.230018832157365,26.91411042944785,3.0,79.6
31.37236753124401,72.65416244787673,5.599588567135114,10.688159541804028,9.230018832157365,26.91411042944785,3.0,74.6
31.37236753124401,72.65416244787673,5.599588567135114,10.688159541804028,9.230018832157365,26.91411042944785,3.0,88.6
31.37236753124401,72.65416244787673,5.599588567135114,10.688159541804028,9.230018832157365,26.91411042944785,3.0,80.93333333
31.37236753124401,72.65416244787673,5.599588567135114,10.688159541804028,9.230018832157365,26.91411042944785,4.0,100.4
31.37236753124401,72.65416244787673,5.599588567135114,10.688159541804028,9.230018832157365,26.91411042944785,4.0,91.6
31.37236753124401,72.65416244787673,5.599588567135114,10.688159541804028,9.230018832157365,26.91411042944785,4.0,88.9
31.37236753124401,72.65416244787673,5.599588567135114,10.688159541804028,9.230018832157365,26.91411042944785,4.0,93.63333333
31.37236753124401,72.65416244787673,5.599588567135114,10.688159541804028,9.230018832157365,26.91411042944785,5.0,129.3
31.37236753124401,72.65416244787673,5.599588567135114,10.688159541804028,9.230018832157365,26.91411042944785,5.0,123.6
31.37236753124401,72.65416244787673,5.599588567135114,10.688159541804028,9.230018832157365,26.91411042944785,5.0,111.5
31.37236753124401,72.65416244787673,5.599588567135114,10.688159541804028,9.230018832157365,26.91411042944785,5.0,121.4666667
31.378335061883853,72.65547420858059,5.934759503954614,11.34996162362421,8.686724574535237,27.68989280245023,0.0,13.5
31.378335061883853,72.65547420858059,5.934759503954614,11.34996162362421,8.686724574535237,27.68989280245023,0.0,8.6
31.378335061883853,72.65547420858059,5.934759503954614,11.34996162362421,8.686724574535237,27.68989280245023,0.0,10.5
31.378335061883853,72.65547420858059,5.934759503954614,11.34996162362421,8.686724574535237,27.68989280245023,0.0,10.86666667
31.378335061883853,72.65547420858059,5.934759503954614,11.34996162362421,8.686724574535237,27.68989280245023,1.0,32.6
31.378335061883853,72.65547420858059,5.934759503954614,11.34996162362421,8.686724574535237,27.68989280245023,1.0,24.1
31.378335061883853,72.65547420858059,5.934759503954614,11.34996162362421,8.686724574535237,27.68989280245023,1.0,29.6
31.378335061883853,72.65547420858059,5.934759503954614,11.34996162362421,8.686724574535237,27.68989280245023,1.0,28.76666667
31.378335061883853,72.65547420858059,5.934759503954614,11.34996162362421,8.686724574535237,27.68989280245023,2.0,55.6
31.378335061883853,72.65547420858059,5.934759503954614,11.34996162362421,8.686724574535237,27.68989280245023,2.0,62.6
31.378335061883853,72.65547420858059,5.934759503954614,11.34996162362421,8.686724574535237,27.68989280245023,2.0,53.2
31.378335061883853,72.65547420858059,5.934759503954614,11.34996162362421,8.686724574535237,27.68989280245023,2.0,57.13333333
31.378335061883853,72.65547420858059,5.934759503954614,11.34996162362421,8.686724574535237,27.68989280245023,3.0,79.6
31.378335061883853,72.65547420858059,5.934759503954614,11.34996162362421,8.686724574535237,27.68989280245023,3.0,74.6
31.378335061883853,72.65547420858059,5.934759503954614,11.34996162362421,8.686724574535237,27.68989280245023,3.0,88.6
31.378335061883853,72.65547420858059,5.934759503954614,11.34996162362421,8.686724574535237,27.68989280245023,3.0,80.93333333
31.378335061883853,72.65547420858059,5.934759503954614,11.34996162362421,8.686724574535237,27.68989280245023,4.0,100.4
31.378335061883853,72.65547420858059,5.934759503954614,11.34996162362421,8.686724574535237,27.68989280245023,4.0,91.6
31.378335061883853,72.65547420858059,5.934759503954614,11.34996162362421,8.686724574535237,27.68989280245023,4.0,88.9
31.378335061883853,72.65547420858059,5.934759503954614,11.34996162362421,8.686724574535237,27.68989280245023,4.0,93.63333333
31.378335061883853,72.65547420858059,5.934759503954614,11.34996162362421,8.686724574535237,27.68989280245023,5.0,129.3
31.378335061883853,72.65547420858059,5.934759503954614,11.34996162362421,8.686724574535237,27.68989280245023,5.0,123.6
31.378335061883853,72.65547420858059,5.934759503954614,11.34996162362421,8.686724574535237,27.68989280245023,5.0,111.5
31.378335061883853,72.65547420858059,5.934759503954614,11.34996162362421,8.686724574535237,27.68989280245023,5.0,121.4666667
31.88102046145669,71.40444984918908,6.313743326699842,11.698862614987917,8.20801630706116,28.046413502109704,0.0,13.5
31.88102046145669,71.40444984918908,6.313743326699842,11.698862614987917,8.20801630706116,28.046413502109704,0.0,8.6
31.88102046145669,71.40444984918908,6.313743326699842,11.698862614987917,8.20801630706116,28.046413502109704,0.0,10.5
31.88102046145669,71.40444984918908,6.313743326699842,11.698862614987917,8.20801630706116,28.046413502109704,0.0,10.86666667
31.88102046145669,71.40444984918908,6.313743326699842,11.698862614987917,8.20801630706116,28.046413502109704,1.0,32.6
31.88102046145669,71.40444984918908,6.313743326699842,11.698862614987917,8.20801630706116,28.046413502109704,1.0,24.1
31.88102046145669,71.40444984918908,6.313743326699842,11.698862614987917,8.20801630706116,28.046413502109704,1.0,29.6
31.88102046145669,71.40444984918908,6.313743326699842,11.698862614987917,8.20801630706116,28.046413502109704,1.0,28.76666667
31.88102046145669,71.40444984918908,6.313743326699842,11.698862614987917,8.20801630706116,28.046413502109704,2.0,55.6
31.88102046145669,71.40444984918908,6.313743326699842,11.698862614987917,8.20801630706116,28.046413502109704,2.0,62.6
31.88102046145669,71.40444984918908,6.313743326699842,11.698862614987917,8.20801630706116,28.046413502109704,2.0,53.2
31.88102046145669,71.40444984918908,6.313743326699842,11.698862614987917,8.20801630706116,28.046413502109704,2.0,57.13333333
31.88102046145669,71.40444984918908,6.313743326699842,11.698862614987917,8.20801630706116,28.046413502109704,3.0,79.6
31.88102046145669,71.40444984918908,6.313743326699842,11.698862614987917,8.20801630706116,28.046413502109704,3.0,74.6
31.88102046145669,71.40444984918908,6.313743326699842,11.698862614987917,8.20801630706116,28.046413502109704,3.0,88.6
31.88102046145669,71.40444984918908,6.313743326699842,11.698862614987917,8.20801630706116,28.046413502109704,3.0,80.93333333
31.88102046145669,71.40444984918908,6.313743326699842,11.698862614987917,8.20801630706116,28.046413502109704,4.0,100.4
31.88102046145669,71.40444984918908,6.313743326699842,11.698862614987917,8.20801630706116,28.046413502109704,4.0,91.6
31.88102046145669,71.40444984918908,6.313743326699842,11.698862614987917,8.20801630706116,28.046413502109704,4.0,88.9
31.88102046145669,71.40444984918908,6.313743326699842,11.698862614987917,8.20801630706116,28.046413502109704,4.0,93.63333333
31.88102046145669,71.40444984918908,6.313743326699842,11.698862614987917,8.20801630706116,28.046413502109704,5.0,129.3
31.88102046145669,71.40444984918908,6.313743326699842,11.698862614987917,8.20801630706116,28.046413502109704,5.0,123.6
31.88102046145669,71.40444984918908,6.313743326699842,11.698862614987917,8.20801630706116,28.046413502109704,5.0,111.5
31.88102046145669,71.40444984918908,6.313743326699842,11.698862614987917,8.20801630706116,28.046413502109704,5.0,121.4666667
30.099568194653614,71.11025890672063,7.776756104096025,11.899079324699851,6.707043182873482,26.05421686746988,0.0,13.5
30.099568194653614,71.11025890672063,7.776756104096025,11.899079324699851,6.707043182873482,26.05421686746988,0.0,8.6
30.099568194653614,71.11025890672063,7.776756104096025,11.899079324699851,6.707043182873482,26.05421686746988,0.0,10.5
30.099568194653614,71.11025890672063,7.776756104096025,11.899079324699851,6.707043182873482,26.05421686746988,0.0,10.86666667
30.099568194653614,71.11025890672063,7.776756104096025,11.899079324699851,6.707043182873482,26.05421686746988,1.0,32.6
30.099568194653614,71.11025890672063,7.776756104096025,11.899079324699851,6.707043182873482,26.05421686746988,1.0,24.1
30.099568194653614,71.11025890672063,7.776756104096025,11.899079324699851,6.707043182873482,26.05421686746988,1.0,29.6
30.099568194653614,71.11025890672063,7.776756104096025,11.899079324699851,6.707043182873482,26.05421686746988,1.0,28.76666667
30.099568194653614,71.11025890672063,7.776756104096025,11.899079324699851,6.707043182873482,26.05421686746988,2.0,55.6
30.099568194653614,71.11025890672063,7.776756104096025,11.899079324699851,6.707043182873482,26.05421686746988,2.0,62.6
30.099568194653614,71.11025890672063,7.776756104096025,11.899079324699851,6.707043182873482,26.05421686746988,2.0,53.2
30.099568194653614,71.11025890672063,7.776756104096025,11.899079324699851,6.707043182873482,26.05421686746988,2.0,57.13333333
30.099568194653614,71.11025890672063,7.776756104096025,11.899079324699851,6.707043182873482,26.05421686746988,3.0,79.6
30.099568194653614,71.11025890672063,7.776756104096025,11.899079324699851,6.707043182873482,26.05421686746988,3.0,74.6
30.099568194653614,71.11025890672063,7.776756104096025,11.899079324699851,6.707043182873482,26.05421686746988,3.0,88.6
30.099568194653614,71.11025890672063,7.776756104096025,11.899079324699851,6.707043182873482,26.05421686746988,3.0,80.93333333
30.099568194653614,71.11025890672063,7.776756104096025,11.899079324699851,6.707043182873482,26.05421686746988,4.0,100.4
30.099568194653614,71.11025890672063,7.776756104096025,11.899079324699851,6.707043182873482,26.05421686746988,4.0,91.6
30.099568194653614,71.11025890672063,7.776756104096025,11.899079324699851,6.707043182873482,26.05421686746988,4.0,88.9
30.099568194653614,71.11025890672063,7.776756104096025,11.899079324699851,6.707043182873482,26.05421686746988,4.0,93.63333333
30.099568194653614,71.11025890672063,7.776756104096025,11.899079324699851,6.707043182873482,26.05421686746988,5.0,129.3
30.099568194653614,71.11025890672063,7.776756104096025,11.899079324699851,6.707043182873482,26.05421686746988,5.0,123.6
30.099568194653614,71.11025890672063,7.776756104096025,11.899079324699851,6.707043182873482,26.05421686746988,5.0,111.5
30.099568194653614,71.11025890672063,7.776756104096025,11.899079324699851,6.707043182873482,26.05421686746988,5.0,121.4666667
37.8738747873614,50.95080303889449,6.027926041267386,11.138185022825065,6.960346887488155,34.57258064516129,0.0,13.5
37.8738747873614,50.95080303889449,6.027926041267386,11.138185022825065,6.960346887488155,34.57258064516129,0.0,8.6
37.8738747873614,50.95080303889449,6.027926041267386,11.138185022825065,6.960346887488155,34.57258064516129,0.0,10.5
37.8738747873614,50.95080303889449,6.027926041267386,11.138185022825065,6.960346887488155,34.57258064516129,0.0,10.86666667
37.8738747873614,50.95080303889449,6.027926041267386,11.138185022825065,6.960346887488155,34.57258064516129,1.0,32.6
37.8738747873614,50.95080303889449,6.027926041267386,11.138185022825065,6.960346887488155,34.57258064516129,1.0,24.1
37.8738747873614,50.95080303889449,6.027926041267386,11.138185022825065,6.960346887488155,34.57258064516129,1.0,29.6
37.8738747873614,50.95080303889449,6.027926041267386,11.138185022825065,6.960346887488155,34.57258064516129,1.0,28.76666667
37.8738747873614,50.95080303889449,6.027926041267386,11.138185022825065,6.960346887488155,34.57258064516129,2.0,55.6
37.8738747873614,50.95080303889449,6.027926041267386,11.138185022825065,6.960346887488155,34.57258064516129,2.0,62.6
37.8738747873614,50.95080303889449,6.027926041267386,11.138185022825065,6.960346887488155,34.57258064516129,2.0,53.2
37.8738747873614,50.95080303889449,6.027926041267386,11.138185022825065,6.960346887488155,34.57258064516129,2.0,57.13333333
37.8738747873614,50.95080303889449,6.027926041267386,11.138185022825065,6.960346887488155,34.57258064516129,3.0,79.6
37.8738747873614,50.95080303889449,6.027926041267386,11.138185022825065,6.960346887488155,34.57258064516129,3.0,74.6
37.8738747873614,50.95080303889449,6.027926041267386,11.138185022825065,6.960346887488155,34.57258064516129,3.0,88.6
37.8738747873614,50.95080303889449,6.027926041267386,11.138185022825065,6.960346887488155,34.57258064516129,3.0,80.93333333
37.8738747873614,50.95080303889449,6.027926041267386,11.138185022825065,6.960346887488155,34.57258064516129,4.0,100.4
37.8738747873614,50.95080303889449,6.027926041267386,11.138185022825065,6.960346887488155,34.57258064516129,4.0,91.6
37.8738747873614,50.95080303889449,6.027926041267386,11.138185022825065,6.960346887488155,34.57258064516129,4.0,88.9
37.8738747873614,50.95080303889449,6.027926041267386,11.138185022825065,6.960346887488155,34.57258064516129,4.0,93.63333333
37.8738747873614,50.95080303889449,6.027926041267386,11.138185022825065,6.960346887488155,34.57258064516129,5.0,129.3
37.8738747873614,50.95080303889449,6.027926041267386,11.138185022825065,6.960346887488155,34.57258064516129,5.0,123.6
37.8738747873614,50.95080303889449,6.027926041267386,11.138185022825065,6.960346887488155,34.57258064516129,5.0,111.5
37.8738747873614,50.95080303889449,6.027926041267386,11.138185022825065,6.960346887488155,34.57258064516129,5.0,121.4666667
37.123713593637966,53.46840736287046,6.2341374308101605,11.032736965241291,7.02128804753699,33.69502868068834,0.0,13.5
37.123713593637966,53.46840736287046,6.2341374308101605,11.032736965241291,7.02128804753699,33.69502868068834,0.0,8.6
37.123713593637966,53.46840736287046,6.2341374308101605,11.032736965241291,7.02128804753699,33.69502868068834,0.0,10.5
37.123713593637966,53.46840736287046,6.2341374308101605,11.032736965241291,7.02128804753699,33.69502868068834,0.0,10.86666667
37.123713593637966,53.46840736287046,6.2341374308101605,11.032736965241291,7.02128804753699,33.69502868068834,1.0,32.6
37.123713593637966,53.46840736287046,6.2341374308101605,11.032736965241291,7.02128804753699,33.69502868068834,1.0,24.1
37.123713593637966,53.46840736287046,6.2341374308101605,11.032736965241291,7.02128804753699,33.69502868068834,1.0,29.6
37.123713593637966,53.46840736287046,6.2341374308101605,11.032736965241291,7.02128804753699,33.69502868068834,1.0,28.76666667
37.123713593637966,53.46840736287046,6.2341374308101605,11.032736965241291,7.02128804753699,33.69502868068834,2.0,55.6
37.123713593637966,53.46840736287046,6.2341374308101605,11.032736965241291,7.02128804753699,33.69502868068834,2.0,62.6
37.123713593637966,53.46840736287046,6.2341374308101605,11.032736965241291,7.02128804753699,33.69502868068834,2.0,53.2
37.123713593637966,53.46840736287046,6.2341374308101605,11.032736965241291,7.02128804753699,33.69502868068834,2.0,57.13333333
37.123713593637966,53.46840736287046,6.2341374308101605,11.032736965241291,7.02128804753699,33.69502868068834,3.0,79.6
37.123713593637966,53.46840736287046,6.2341374308101605,11.032736965241291,7.02128804753699,33.69502868068834,3.0,74.6
37.123713593637966,53.46840736287046,6.2341374308101605,11.032736965241291,7.02128804753699,33.69502868068834,3.0,88.6
37.123713593637966,53.46840736287046,6.2341374308101605,11.032736965241291,7.02128804753699,33.69502868068834,3.0,80.93333333
37.123713593637966,53.46840736287046,6.2341374308101605,11.032736965241291,7.02128804753699,33.69502868068834,4.0,100.4
37.123713593637966,53.46840736287046,6.2341374308101605,11.032736965241291,7.02128804753699,33.69502868068834,4.0,91.6
37.123713593637966,53.46840736287046,6.2341374308101605,11.032736965241291,7.02128804753699,33.69502868068834,4.0,88.9
37.123713593637966,53.46840736287046,6.2341374308101605,11.032736965241291,7.02128804753699,33.69502868068834,4.0,93.63333333
37.123713593637966,53.46840736287046,6.2341374308101605,11.032736965241291,7.02128804753699,33.69502868068834,5.0,129.3
37.123713593637966,53.46840736287046,6.2341374308101605,11.032736965241291,7.02128804753699,33.69502868068834,5.0,123.6
37.123713593637966,53.46840736287046,6.2341374308101605,11.032736965241291,7.02128804753699,33.69502868068834,5.0,111.5
37.123713593637966,53.46840736287046,6.2341374308101605,11.032736965241291,7.02128804753699,33.69502868068834,5.0,121.4666667
34.75575530583957,59.65548045074885,6.380031996477807,10.753300501981816,7.419016945549692,31.122119815668203,0.0,13.5
34.75575530583957,59.65548045074885,6.380031996477807,10.753300501981816,7.419016945549692,31.122119815668203,0.0,8.6
34.75575530583957,59.65548045074885,6.380031996477807,10.753300501981816,7.419016945549692,31.122119815668203,0.0,10.5
34.75575530583957,59.65548045074885,6.380031996477807,10.753300501981816,7.419016945549692,31.122119815668203,0.0,10.86666667
34.75575530583957,59.65548045074885,6.380031996477807,10.753300501981816,7.419016945549692,31.122119815668203,1.0,32.6
34.75575530583957,59.65548045074885,6.380031996477807,10.753300501981816,7.419016945549692,31.122119815668203,1.0,24.1
34.75575530583957,59.65548045074885,6.380031996477807,10.753300501981816,7.419016945549692,31.122119815668203,1.0,29.6
34.75575530583957,59.65548045074885,6.380031996477807,10.753300501981816,7.419016945549692,31.122119815668203,1.0,28.76666667
34.75575530583957,59.65548045074885,6.380031996477807,10.753300501981816,7.419016945549692,31.122119815668203,2.0,55.6
34.75575530583957,59.65548045074885,6.380031996477807,10.753300501981816,7.419016945549692,31.122119815668203,2.0,62.6
34.75575530583957,59.65548045074885,6.380031996477807,10.753300501981816,7.419016945549692,31.122119815668203,2.0,53.2
34.75575530583957,59.65548045074885,6.380031996477807,10.753300501981816,7.419016945549692,31.122119815668203,2.0,57.13333333
34.75575530583957,59.65548045074885,6.380031996477807,10.753300501981816,7.419016945549692,31.122119815668203,3.0,79.6
34.75575530583957,59.65548045074885,6.380031996477807,10.753300501981816,7.419016945549692,31.122119815668203,3.0,74.6
34.75575530583957,59.65548045074885,6.380031996477807,10.753300501981816,7.419016945549692,31.122119815668203,3.0,88.6
34.75575530583957,59.65548045074885,6.380031996477807,10.753300501981816,7.419016945549692,31.122119815668203,3.0,80.93333333
34.75575530583957,59.65548045074885,6.380031996477807,10.753300501981816,7.419016945549692,31.122119815668203,4.0,100.4
34.75575530583957,59.65548045074885,6.380031996477807,10.753300501981816,7.419016945549692,31.122119815668203,4.0,91.6
34.75575530583957,59.65548045074885,6.380031996477807,10.753300501981816,7.419016945549692,31.122119815668203,4.0,88.9
34.75575530583957,59.65548045074885,6.380031996477807,10.753300501981816,7.419016945549692,31.122119815668203,4.0,93.63333333
34.75575530583957,59.65548045074885,6.380031996477807,10.753300501981816,7.419016945549692,31.122119815668203,5.0,129.3
34.75575530583957,59.65548045074885,6.380031996477807,10.753300501981816,7.419016945549692,31.122119815668203,5.0,123.6
34.75575530583957,59.65548045074885,6.380031996477807,10.753300501981816,7.419016945549692,31.122119815668203,5.0,111.5
34.75575530583957,59.65548045074885,6.380031996477807,10.753300501981816,7.419016945549692,31.122119815668203,5.0,121.4666667
30.86672683434984,69.08637672845572,7.532506131574786,11.51207396825573,6.986648456717151,27.5138036809816,0.0,13.5
30.86672683434984,69.08637672845572,7.532506131574786,11.51207396825573,6.986648456717151,27.5138036809816,0.0,8.6
30.86672683434984,69.08637672845572,7.532506131574786,11.51207396825573,6.986648456717151,27.5138036809816,0.0,10.5
30.86672683434984,69.08637672845572,7.532506131574786,11.51207396825573,6.986648456717151,27.5138036809816,0.0,10.86666667
30.86672683434984,69.08637672845572,7.532506131574786,11.51207396825573,6.986648456717151,27.5138036809816,1.0,32.6
30.86672683434984,69.08637672845572,7.532506131574786,11.51207396825573,6.986648456717151,27.5138036809816,1.0,24.1
30.86672683434984,69.08637672845572,7.532506131574786,11.51207396825573,6.986648456717151,27.5138036809816,1.0,29.6
30.86672683434984,69.08637672845572,7.532506131574786,11.51207396825573,6.986648456717151,27.5138036809816,1.0,28.76666667
30.86672683434984,69.08637672845572,7.532506131574786,11.51207396825573,6.986648456717151,27.5138036809816,2.0,55.6
30.86672683434984,69.08637672845572,7.532506131574786,11.51207396825573,6.986648456717151,27.5138036809816,2.0,62.6
30.86672683434984,69.08637672845572,7.532506131574786,11.51207396825573,6.986648456717151,27.5138036809816,2.0,53.2
30.86672683434984,69.08637672845572,7.532506131574786,11.51207396825573,6.986648456717151,27.5138036809816,2.0,57.13333333
30.86672683434984,69.08637672845572,7.532506131574786,11.51207396825573,6.986648456717151,27.5138036809816,3.0,79.6
30.86672683434984,69.08637672845572,7.532506131574786,11.51207396825573,6.986648456717151,27.5138036809816,3.0,74.6
30.86672683434984,69.08637672845572,7.532506131574786,11.51207396825573,6.986648456717151,27.5138036809816,3.0,88.6
30.86672683434984,69.08637672845572,7.532506131574786,11.51207396825573,6.986648456717151,27.5138036809816,3.0,80.93333333
30.86672683434984,69.08637672845572,7.532506131574786,11.51207396825573,6.986648456717151,27.5138036809816,4.0,100.4
30.86672683434984,69.08637672845572,7.532506131574786,11.51207396825573,6.986648456717151,27.5138036809816,4.0,91.6
30.86672683434984,69.08637672845572,7.532506131574786,11.51207396825573,6.986648456717151,27.5138036809816,4.0,88.9
30.86672683434984,69.08637672845572,7.532506131574786,11.51207396825573,6.986648456717151,27.5138036809816,4.0,93.63333333
30.86672683434984,69.08637672845572,7.532506131574786,11.51207396825573,6.986648456717151,27.5138036809816,5.0,129.3
30.86672683434984,69.08637672845572,7.532506131574786,11.51207396825573,6.986648456717151,27.5138036809816,5.0,123.6
30.86672683434984,69.08637672845572,7.532506131574786,11.51207396825573,6.986648456717151,27.5138036809816,5.0,111.5
30.86672683434984,69.08637672845572,7.532506131574786,11.51207396825573,6.986648456717151,27.5138036809816,5.0,121.4666667
29.061721146472397,72.94458494595955,8.50721509734334,12.10871003522915,6.688420781188865,24.48773006134969,0.0,13.5
29.061721146472397,72.94458494595955,8.50721509734334,12.10871003522915,6.688420781188865,24.48773006134969,0.0,8.6
29.061721146472397,72.94458494595955,8.50721509734334,12.10871003522915,6.688420781188865,24.48773006134969,0.0,10.5
29.061721146472397,72.94458494595955,8.50721509734334,12.10871003522915,6.688420781188865,24.48773006134969,0.0,10.86666667
29.061721146472397,72.94458494595955,8.50721509734334,12.10871003522915,6.688420781188865,24.48773006134969,1.0,32.6
29.061721146472397,72.94458494595955,8.50721509734334,12.10871003522915,6.688420781188865,24.48773006134969,1.0,24.1
29.061721146472397,72.94458494595955,8.50721509734334,12.10871003522915,6.688420781188865,24.48773006134969,1.0,29.6
29.061721146472397,72.94458494595955,8.50721509734334,12.10871003522915,6.688420781188865,24.48773006134969,1.0,28.76666667
29.061721146472397,72.94458494595955,8.50721509734334,12.10871003522915,6.688420781188865,24.48773006134969,2.0,55.6
29.061721146472397,72.94458494595955,8.50721509734334,12.10871003522915,6.688420781188865,24.48773006134969,2.0,62.6
29.061721146472397,72.94458494595955,8.50721509734334,12.10871003522915,6.688420781188865,24.48773006134969,2.0,53.2
29.061721146472397,72.94458494595955,8.50721509734334,12.10871003522915,6.688420781188865,24.48773006134969,2.0,57.13333333
29.061721146472397,72.94458494595955,8.50721509734334,12.10871003522915,6.688420781188865,24.48773006134969,3.0,79.6
29.061721146472397,72.94458494595955,8.50721509734334,12.10871003522915,6.688420781188865,24.48773006134969,3.0,74.6
29.061721146472397,72.94458494595955,8.50721509734334,12.10871003522915,6.688420781188865,24.48773006134969,3.0,88.6
29.061721146472397,72.94458494595955,8.50721509734334,12.10871003522915,6.688420781188865,24.48773006134969,3.0,80.93333333
29.061721146472397,72.94458494595955,8.50721509734334,12.10871003522915,6.688420781188865,24.48773006134969,4.0,100.4
29.061721146472397,72.94458494595955,8.50721509734334,12.10871003522915,6.688420781188865,24.48773006134969,4.0,91.6
29.061721146472397,72.94458494595955,8.50721509734334,12.10871003522915,6.688420781188865,24.48773006134969,4.0,88.9
29.061721146472397,72.94458494595955,8.50721509734334,12.10871003522915,6.688420781188865,24.48773006134969,4.0,93.63333333
29.061721146472397,72.94458494595955,8.50721509734334,12.10871003522915,6.688420781188865,24.48773006134969,5.0,129.3
29.061721146472397,72.94458494595955,8.50721509734334,12.10871003522915,6.688420781188865,24.48773006134969,5.0,123.6
29.061721146472397,72.94458494595955,8.50721509734334,12.10871003522915,6.688420781188865,24.48773006134969,5.0,111.5
29.061721146472397,72.94458494595955,8.50721509734334,12.10871003522915,6.688420781188865,24.48773006134969,5.0,121.4666667
29.37461584304412,71.58033011700805,8.70706331909376,12.043308415754248,6.667671719195497,24.69754977029097,0.0,13.5
29.37461584304412,71.58033011700805,8.70706331909376,12.043308415754248,6.667671719195497,24.69754977029097,0.0,8.6
29.37461584304412,71.58033011700805,8.70706331909376,12.043308415754248,6.667671719195497,24.69754977029097,0.0,10.5
29.37461584304412,71.58033011700805,8.70706331909376,12.043308415754248,6.667671719195497,24.69754977029097,0.0,10.86666667
29.37461584304412,71.58033011700805,8.70706331909376,12.043308415754248,6.667671719195497,24.69754977029097,1.0,32.6
29.37461584304412,71.58033011700805,8.70706331909376,12.043308415754248,6.667671719195497,24.69754977029097,1.0,24.1
29.37461584304412,71.58033011700805,8.70706331909376,12.043308415754248,6.667671719195497,24.69754977029097,1.0,29.6
29.37461584304412,71.58033011700805,8.70706331909376,12.043308415754248,6.667671719195497,24.69754977029097,1.0,28.76666667
29.37461584304412,71.58033011700805,8.70706331909376,12.043308415754248,6.667671719195497,24.69754977029097,2.0,55.6
29.37461584304412,71.58033011700805,8.70706331909376,12.043308415754248,6.667671719195497,24.69754977029097,2.0,62.6
29.37461584304412,71.58033011700805,8.70706331909376,12.043308415754248,6.667671719195497,24.69754977029097,2.0,53.2
29.37461584304412,71.58033011700805,8.70706331909376,12.043308415754248,6.667671719195497,24.69754977029097,2.0,57.13333333
29.37461584304412,71.58033011700805,8.70706331909376,12.043308415754248,6.667671719195497,24.69754977029097,3.0,79.6
29.37461584304412,71.58033011700805,8.70706331909376,12.043308415754248,6.667671719195497,24.69754977029097,3.0,74.6
29.37461584304412,71.58033011700805,8.70706331909376,12.043308415754248,6.667671719195497,24.69754977029097,3.0,88.6
29.37461584304412,71.58033011700805,8.70706331909376,12.043308415754248,6.667671719195497,24.69754977029097,3.0,80.93333333
29.37461584304412,71.58033011700805,8.70706331909376,12.043308415754248,6.667671719195497,24.69754977029097,4.0,100.4
29.37461584304412,71.58033011700805,8.70706331909376,12.043308415754248,6.667671719195497,24.69754977029097,4.0,91.6
29.37461584304412,71.58033011700805,8.70706331909376,12.043308415754248,6.667671719195497,24.69754977029097,4.0,88.9
29.37461584304412,71.58033011700805,8.70706331909376,12.043308415754248,6.667671719195497,24.69754977029097,4.0,93.63333333
29.37461584304412,71.58033011700805,8.70706331909376,12.043308415754248,6.667671719195497,24.69754977029097,5.0,129.3
29.37461584304412,71.58033011700805,8.70706331909376,12.043308415754248,6.667671719195497,24.69754977029097,5.0,123.6
29.37461584304412,71.58033011700805,8.70706331909376,12.043308415754248,6.667671719195497,24.69754977029097,5.0,111.5
29.37461584304412,71.58033011700805,8.70706331909376,12.043308415754248,6.667671719195497,24.69754977029097,5.0,121.4666667
30.173880454221383,69.37218414493866,8.4572980191074,12.305108067282411,6.4818564193183095,25.695552147239265,0.0,13.5
30.173880454221383,69.37218414493866,8.4572980191074,12.305108067282411,6.4818564193183095,25.695552147239265,0.0,8.6
30.173880454221383,69.37218414493866,8.4572980191074,12.305108067282411,6.4818564193183095,25.695552147239265,0.0,10.5
30.173880454221383,69.37218414493866,8.4572980191074,12.305108067282411,6.4818564193183095,25.695552147239265,0.0,10.86666667
30.173880454221383,69.37218414493866,8.4572980191074,12.305108067282411,6.4818564193183095,25.695552147239265,1.0,32.6
30.173880454221383,69.37218414493866,8.4572980191074,12.305108067282411,6.4818564193183095,25.695552147239265,1.0,24.1
30.173880454221383,69.37218414493866,8.4572980191074,12.305108067282411,6.4818564193183095,25.695552147239265,1.0,29.6
30.173880454221383,69.37218414493866,8.4572980191074,12.305108067282411,6.4818564193183095,25.695552147239265,1.0,28.76666667
30.173880454221383,69.37218414493866,8.4572980191074,12.305108067282411,6.4818564193183095,25.695552147239265,2.0,55.6
30.173880454221383,69.37218414493866,8.4572980191074,12.305108067282411,6.4818564193183095,25.695552147239265,2.0,62.6
30.173880454221383,69.37218414493866,8.4572980191074,12.305108067282411,6.4818564193183095,25.695552147239265,2.0,53.2
30.173880454221383,69.37218414493866,8.4572980191074,12.305108067282411,6.4818564193183095,25.695552147239265,2.0,57.13333333
30.173880454221383,69.37218414493866,8.4572980191074,12.305108067282411,6.4818564193183095,25.695552147239265,3.0,79.6
30.173880454221383,69.37218414493866,8.4572980191074,12.305108067282411,6.4818564193183095,25.695552147239265,3.0,74.6
30.173880454221383,69.37218414493866,8.4572980191074,12.305108067282411,6.4818564193183095,25.695552147239265,3.0,88.6
30.173880454221383,69.37218414493866,8.4572980191074,12.305108067282411,6.4818564193183095,25.695552147239265,3.0,80.93333333
30.173880454221383,69.37218414493866,8.4572980191074,12.305108067282411,6.4818564193183095,25.695552147239265,4.0,100.4
30.173880454221383,69.37218414493866,8.4572980191074,12.305108067282411,6.4818564193183095,25.695552147239265,4.0,91.6
30.173880454221383,69.37218414493866,8.4572980191074,12.305108067282411,6.4818564193183095,25.695552147239265,4.0,88.9
30.173880454221383,69.37218414493866,8.4572980191074,12.305108067282411,6.4818564193183095,25.695552147239265,4.0,93.63333333
30.173880454221383,69.37218414493866,8.4572980191074,12.305108067282411,6.4818564193183095,25.695552147239265,5.0,129.3
30.173880454221383,69.37218414493866,8.4572980191074,12.305108067282411,6.4818564193183095,25.695552147239265,5.0,123.6
30.173880454221383,69.37218414493866,8.4572980191074,12.305108067282411,6.4818564193183095,25.695552147239265,5.0,111.5
30.173880454221383,69.37218414493866,8.4572980191074,12.305108067282411,6.4818564193183095,25.695552147239265,5.0,121.4666667
30.252508591336444,69.21954136837572,8.578646007417259,12.33943100940387,6.21747729728664,26.304182509505704,0.0,13.5
30.252508591336444,69.21954136837572,8.578646007417259,12.33943100940387,6.21747729728664,26.304182509505704,0.0,8.6
30.252508591336444,69.21954136837572,8.578646007417259,12.33943100940387,6.21747729728664,26.304182509505704,0.0,10.5
30.252508591336444,69.21954136837572,8.578646007417259,12.33943100940387,6.21747729728664,26.304182509505704,0.0,10.86666667
30.252508591336444,69.21954136837572,8.578646007417259,12.33943100940387,6.21747729728664,26.304182509505704,1.0,32.6
30.252508591336444,69.21954136837572,8.578646007417259,12.33943100940387,6.21747729728664,26.304182509505704,1.0,24.1
30.252508591336444,69.21954136837572,8.578646007417259,12.33943100940387,6.21747729728664,26.304182509505704,1.0,29.6
30.252508591336444,69.21954136837572,8.578646007417259,12.33943100940387,6.21747729728664,26.304182509505704,1.0,28.76666667
30.252508591336444,69.21954136837572,8.578646007417259,12.33943100940387,6.21747729728664,26.304182509505704,2.0,55.6
30.252508591336444,69.21954136837572,8.578646007417259,12.33943100940387,6.21747729728664,26.304182509505704,2.0,62.6
30.252508591336444,69.21954136837572,8.578646007417259,12.33943100940387,6.21747729728664,26.304182509505704,2.0,53.2
30.252508591336444,69.21954136837572,8.578646007417259,12.33943100940387,6.21747729728664,26.304182509505704,2.0,57.13333333
30.252508591336444,69.21954136837572,8.578646007417259,12.33943100940387,6.21747729728664,26.304182509505704,3.0,79.6
30.252508591336444,69.21954136837572,8.578646007417259,12.33943100940387,6.21747729728664,26.304182509505704,3.0,74.6
30.252508591336444,69.21954136837572,8.578646007417259,12.33943100940387,6.21747729728664,26.304182509505704,3.0,88.6
30.252508591336444,69.21954136837572,8.578646007417259,12.33943100940387,6.21747729728664,26.304182509505704,3.0,80.93333333
30.252508591336444,69.21954136837572,8.578646007417259,12.33943100940387,6.21747729728664,26.304182509505704,4.0,100.4
30.252508591336444,69.21954136837572,8.578646007417259,12.33943100940387,6.21747729728664,26.304182509505704,4.0,91.6
30.252508591336444,69.21954136837572,8.578646007417259,12.33943100940387,6.21747729728664,26.304182509505704,4.0,88.9
30.252508591336444,69.21954136837572,8.578646007417259,12.33943100940387,6.21747729728664,26.304182509505704,4.0,93.63333333
30.252508591336444,69.21954136837572,8.578646007417259,12.33943100940387,6.21747729728664,26.304182509505704,5.0,129.3
30.252508591336444,69.21954136837572,8.578646007417259,12.33943100940387,6.21747729728664,26.304182509505704,5.0,123.6
30.252508591336444,69.21954136837572,8.578646007417259,12.33943100940387,6.21747729728664,26.304182509505704,5.0,111.5
30.252508591336444,69.21954136837572,8.578646007417259,12.33943100940387,6.21747729728664,26.304182509505704,5.0,121.4666667
36.87626342773437,53.23089599609375,6.528457566392181,10.909572846761344,7.165896626849976,31.631666666666668,0.0,13.5
36.87626342773437,53.23089599609375,6.528457566392181,10.909572846761344,7.165896626849976,31.631666666666668,0.0,8.6
36.87626342773437,53.23089599609375,6.528457566392181,10.909572846761344,7.165896626849976,31.631666666666668,0.0,10.5
36.87626342773437,53.23089599609375,6.528457566392181,10.909572846761344,7.165896626849976,31.631666666666668,0.0,10.86666667
36.87626342773437,53.23089599609375,6.528457566392181,10.909572846761344,7.165896626849976,31.631666666666668,1.0,32.6
36.87626342773437,53.23089599609375,6.528457566392181,10.909572846761344,7.165896626849976,31.631666666666668,1.0,24.1
36.87626342773437,53.23089599609375,6.528457566392181,10.909572846761344,7.165896626849976,31.631666666666668,1.0,29.6
36.87626342773437,53.23089599609375,6.528457566392181,10.909572846761344,7.165896626849976,31.631666666666668,1.0,28.76666667
36.87626342773437,53.23089599609375,6.528457566392181,10.909572846761344,7.165896626849976,31.631666666666668,2.0,55.6
36.87626342773437,53.23089599609375,6.528457566392181,10.909572846761344,7.165896626849976,31.631666666666668,2.0,62.6
36.87626342773437,53.23089599609375,6.528457566392181,10.909572846761344,7.165896626849976,31.631666666666668,2.0,53.2
36.87626342773437,53.23089599609375,6.528457566392181,10.909572846761344,7.165896626849976,31.631666666666668,2.0,57.13333333
36.87626342773437,53.23089599609375,6.528457566392181,10.909572846761344,7.165896626849976,31.631666666666668,3.0,79.6
36.87626342773437,53.23089599609375,6.528457566392181,10.909572846761344,7.165896626849976,31.631666666666668,3.0,74.6
36.87626342773437,53.23089599609375,6.528457566392181,10.909572846761344,7.165896626849976,31.631666666666668,3.0,88.6
36.87626342773437,53.23089599609375,6.528457566392181,10.909572846761344,7.165896626849976,31.631666666666668,3.0,80.93333333
36.87626342773437,53.23089599609375,6.528457566392181,10.909572846761344,7.165896626849976,31.631666666666668,4.0,100.4
36.87626342773437,53.23089599609375,6.528457566392181,10.909572846761344,7.165896626849976,31.631666666666668,4.0,91.6
36.87626342773437,53.23089599609375,6.528457566392181,10.909572846761344,7.165896626849976,31.631666666666668,4.0,88.9
36.87626342773437,53.23089599609375,6.528457566392181,10.909572846761344,7.165896626849976,31.631666666666668,4.0,93.63333333
36.87626342773437,53.23089599609375,6.528457566392181,10.909572846761344,7.165896626849976,31.631666666666668,5.0,129.3
36.87626342773437,53.23089599609375,6.528457566392181,10.909572846761344,7.165896626849976,31.631666666666668,5.0,123.6
36.87626342773437,53.23089599609375,6.528457566392181,10.909572846761344,7.165896626849976,31.631666666666668,5.0,111.5
36.87626342773437,53.23089599609375,6.528457566392181,10.909572846761344,7.165896626849976,31.631666666666668,5.0,121.4666667
37.46988202940743,52.12123654923349,6.138077211888495,10.782944414330968,7.020900574500022,33.613207547169814,0.0,13.5
37.46988202940743,52.12123654923349,6.138077211888495,10.782944414330968,7.020900574500022,33.613207547169814,0.0,8.6
37.46988202940743,52.12123654923349,6.138077211888495,10.782944414330968,7.020900574500022,33.613207547169814,0.0,10.5
37.46988202940743,52.12123654923349,6.138077211888495,10.782944414330968,7.020900574500022,33.613207547169814,0.0,10.86666667
37.46988202940743,52.12123654923349,6.138077211888495,10.782944414330968,7.020900574500022,33.613207547169814,1.0,32.6
37.46988202940743,52.12123654923349,6.138077211888495,10.782944414330968,7.020900574500022,33.613207547169814,1.0,24.1
37.46988202940743,52.12123654923349,6.138077211888495,10.782944414330968,7.020900574500022,33.613207547169814,1.0,29.6
37.46988202940743,52.12123654923349,6.138077211888495,10.782944414330968,7.020900574500022,33.613207547169814,1.0,28.76666667
37.46988202940743,52.12123654923349,6.138077211888495,10.782944414330968,7.020900574500022,33.613207547169814,2.0,55.6
37.46988202940743,52.12123654923349,6.138077211888495,10.782944414330968,7.020900574500022,33.613207547169814,2.0,62.6
37.46988202940743,52.12123654923349,6.138077211888495,10.782944414330968,7.020900574500022,33.613207547169814,2.0,53.2
37.46988202940743,52.12123654923349,6.138077211888495,10.782944414330968,7.020900574500022,33.613207547169814,2.0,57.13333333
37.46988202940743,52.12123654923349,6.138077211888495,10.782944414330968,7.020900574500022,33.613207547169814,3.0,79.6
37.46988202940743,52.12123654923349,6.138077211888495,10.782944414330968,7.020900574500022,33.613207547169814,3.0,74.6
37.46988202940743,52.12123654923349,6.138077211888495,10.782944414330968,7.020900574500022,33.613207547169814,3.0,88.6
37.46988202940743,52.12123654923349,6.138077211888495,10.782944414330968,7.020900574500022,33.613207547169814,3.0,80.93333333
37.46988202940743,52.12123654923349,6.138077211888495,10.782944414330968,7.020900574500022,33.613207547169814,4.0,100.4
37.46988202940743,52.12123654923349,6.138077211888495,10.782944414330968,7.020900574500022,33.613207547169814,4.0,91.6
37.46988202940743,52.12123654923349,6.138077211888495,10.782944414330968,7.020900574500022,33.613207547169814,4.0,88.9
37.46988202940743,52.12123654923349,6.138077211888495,10.782944414330968,7.020900574500022,33.613207547169814,4.0,93.63333333
37.46988202940743,52.12123654923349,6.138077211888495,10.782944414330968,7.020900574500022,33.613207547169814,5.0,129.3
37.46988202940743,52.12123654923349,6.138077211888495,10.782944414330968,7.020900574500022,33.613207547169814,5.0,123.6
37.46988202940743,52.12123654923349,6.138077211888495,10.782944414330968,7.020900574500022,33.613207547169814,5.0,111.5
37.46988202940743,52.12123654923349,6.138077211888495,10.782944414330968,7.020900574500022,33.613207547169814,5.0,121.4666667
30.134427388509117,68.87897067599826,6.62837281292945,10.928906729946675,8.211435404302206,26.497222222222224,0.0,13.5
30.134427388509117,68.87897067599826,6.62837281292945,10.928906729946675,8.211435404302206,26.497222222222224,0.0,8.6
30.134427388509117,68.87897067599826,6.62837281292945,10.928906729946675,8.211435404302206,26.497222222222224,0.0,10.5
30.134427388509117,68.87897067599826,6.62837281292945,10.928906729946675,8.211435404302206,26.497222222222224,0.0,10.86666667
30.134427388509117,68.87897067599826,6.62837281292945,10.928906729946675,8.211435404302206,26.497222222222224,1.0,32.6
30.134427388509117,68.87897067599826,6.62837281292945,10.928906729946675,8.211435404302206,26.497222222222224,1.0,24.1
30.134427388509117,68.87897067599826,6.62837281292945,10.928906729946675,8.211435404302206,26.497222222222224,1.0,29.6
30.134427388509117,68.87897067599826,6.62837281292945,10.928906729946675,8.211435404302206,26.497222222222224,1.0,28.76666667
30.134427388509117,68.87897067599826,6.62837281292945,10.928906729946675,8.211435404302206,26.497222222222224,2.0,55.6
30.134427388509117,68.87897067599826,6.62837281292945,10.928906729946675,8.211435404302206,26.497222222222224,2.0,62.6
30.134427388509117,68.87897067599826,6.62837281292945,10.928906729946675,8.211435404302206,26.497222222222224,2.0,53.2
30.134427388509117,68.87897067599826,6.62837281292945,10.928906729946675,8.211435404302206,26.497222222222224,2.0,57.13333333
30.134427388509117,68.87897067599826,6.62837281292945,10.928906729946675,8.211435404302206,26.497222222222224,3.0,79.6
30.134427388509117,68.87897067599826,6.62837281292945,10.928906729946675,8.211435404302206,26.497222222222224,3.0,74.6
30.134427388509117,68.87897067599826,6.62837281292945,10.928906729946675,8.211435404302206,26.497222222222224,3.0,88.6
30.134427388509117,68.87897067599826,6.62837281292945,10.928906729946675,8.211435404302206,26.497222222222224,3.0,80.93333333
30.134427388509117,68.87897067599826,6.62837281292945,10.928906729946675,8.211435404302206,26.497222222222224,4.0,100.4
30.134427388509117,68.87897067599826,6.62837281292945,10.928906729946675,8.211435404302206,26.497222222222224,4.0,91.6
30.134427388509117,68.87897067599826,6.62837281292945,10.928906729946675,8.211435404302206,26.497222222222224,4.0,88.9
30.134427388509117,68.87897067599826,6.62837281292945,10.928906729946675,8.211435404302206,26.497222222222224,4.0,93.63333333
30.134427388509117,68.87897067599826,6.62837281292945,10.928906729946675,8.211435404302206,26.497222222222224,5.0,129.3
30.134427388509117,68.87897067599826,6.62837281292945,10.928906729946675,8.211435404302206,26.497222222222224,5.0,123.6
30.134427388509117,68.87897067599826,6.62837281292945,10.928906729946675,8.211435404302206,26.497222222222224,5.0,111.5
30.134427388509117,68.87897067599826,6.62837281292945,10.928906729946675,8.211435404302206,26.497222222222224,5.0,121.4666667
30.233575347670936,71.57198110021146,6.651310219767782,11.015854196068268,8.051500454991425,26.49436090225564,0.0,13.5
30.233575347670936,71.57198110021146,6.651310219767782,11.015854196068268,8.051500454991425,26.49436090225564,0.0,8.6
30.233575347670936,71.57198110021146,6.651310219767782,11.015854196068268,8.051500454991425,26.49436090225564,0.0,10.5
30.233575347670936,71.57198110021146,6.651310219767782,11.015854196068268,8.051500454991425,26.49436090225564,0.0,10.86666667
30.233575347670936,71.57198110021146,6.651310219767782,11.015854196068268,8.051500454991425,26.49436090225564,1.0,32.6
30.233575347670936,71.57198110021146,6.651310219767782,11.015854196068268,8.051500454991425,26.49436090225564,1.0,24.1
30.233575347670936,71.57198110021146,6.651310219767782,11.015854196068268,8.051500454991425,26.49436090225564,1.0,29.6
30.233575347670936,71.57198110021146,6.651310219767782,11.015854196068268,8.051500454991425,26.49436090225564,1.0,28.76666667
30.233575347670936,71.57198110021146,6.651310219767782,11.015854196068268,8.051500454991425,26.49436090225564,2.0,55.6
30.233575347670936,71.57198110021146,6.651310219767782,11.015854196068268,8.051500454991425,26.49436090225564,2.0,62.6
30.233575347670936,71.57198110021146,6.651310219767782,11.015854196068268,8.051500454991425,26.49436090225564,2.0,53.2
30.233575347670936,71.57198110021146,6.651310219767782,11.015854196068268,8.051500454991425,26.49436090225564,2.0,57.13333333
30.233575347670936,71.57198110021146,6.651310219767782,11.015854196068268,8.051500454991425,26.49436090225564,3.0,79.6
30.233575347670936,71.57198110021146,6.651310219767782,11.015854196068268,8.051500454991425,26.49436090225564,3.0,74.6
30.233575347670936,71.57198110021146,6.651310219767782,11.015854196068268,8.051500454991425,26.49436090225564,3.0,88.6
30.233575347670936,71.57198110021146,6.651310219767782,11.015854196068268,8.051500454991425,26.49436090225564,3.0,80.93333333
30.233575347670936,71.57198110021146,6.651310219767782,11.015854196068268,8.051500454991425,26.49436090225564,4.0,100.4
30.233575347670936,71.57198110021146,6.651310219767782,11.015854196068268,8.051500454991425,26.49436090225564,4.0,91.6
30.233575347670936,71.57198110021146,6.651310219767782,11.015854196068268,8.051500454991425,26.49436090225564,4.0,88.9
30.233575347670936,71.57198110021146,6.651310219767782,11.015854196068268,8.051500454991425,26.49436090225564,4.0,93.63333333
30.233575347670936,71.57198110021146,6.651310219767782,11.015854196068268,8.051500454991425,26.49436090225564,5.0,129.3
30.233575347670936,71.57198110021146,6.651310219767782,11.015854196068268,8.051500454991425,26.49436090225564,5.0,123.6
30.233575347670936,71.57198110021146,6.651310219767782,11.015854196068268,8.051500454991425,26.49436090225564,5.0,111.5
30.233575347670936,71.57198110021146,6.651310219767782,11.015854196068268,8.051500454991425,26.49436090225564,5.0,121.4666667
30.167976293671,65.9726809383778,7.808478741805603,10.833222952090184,7.024259736181696,26.5,0.0,13.5
30.167976293671,65.9726809383778,7.808478741805603,10.833222952090184,7.024259736181696,26.5,0.0,8.6
30.167976293671,65.9726809383778,7.808478741805603,10.833222952090184,7.024259736181696,26.5,0.0,10.5
30.167976293671,65.9726809383778,7.808478741805603,10.833222952090184,7.024259736181696,26.5,0.0,10.86666667
30.167976293671,65.9726809383778,7.808478741805603,10.833222952090184,7.024259736181696,26.5,1.0,32.6
30.167976293671,65.9726809383778,7.808478741805603,10.833222952090184,7.024259736181696,26.5,1.0,24.1
30.167976293671,65.9726809383778,7.808478741805603,10.833222952090184,7.024259736181696,26.5,1.0,29.6
30.167976293671,65.9726809383778,7.808478741805603,10.833222952090184,7.024259736181696,26.5,1.0,28.76666667
30.167976293671,65.9726809383778,7.808478741805603,10.833222952090184,7.024259736181696,26.5,2.0,55.6
30.167976293671,65.9726809383778,7.808478741805603,10.833222952090184,7.024259736181696,26.5,2.0,62.6
30.167976293671,65.9726809383778,7.808478741805603,10.833222952090184,7.024259736181696,26.5,2.0,53.2
30.167976293671,65.9726809383778,7.808478741805603,10.833222952090184,7.024259736181696,26.5,2.0,57.13333333
30.167976293671,65.9726809383778,7.808478741805603,10.833222952090184,7.024259736181696,26.5,3.0,79.6
30.167976293671,65.9726809383778,7.808478741805603,10.833222952090184,7.024259736181696,26.5,3.0,74.6
30.167976293671,65.9726809383778,7.808478741805603,10.833222952090184,7.024259736181696,26.5,3.0,88.6
30.167976293671,65.9726809383778,7.808478741805603,10.833222952090184,7.024259736181696,26.5,3.0,80.93333333
30.167976293671,65.9726809383778,7.808478741805603,10.833222952090184,7.024259736181696,26.5,4.0,100.4
30.167976293671,65.9726809383778,7.808478741805603,10.833222952090184,7.024259736181696,26.5,4.0,91.6
30.167976293671,65.9726809383778,7.808478741805603,10.833222952090184,7.024259736181696,26.5,4.0,88.9
30.167976293671,65.9726809383778,7.808478741805603,10.833222952090184,7.024259736181696,26.5,4.0,93.63333333
30.167976293671,65.9726809383778,7.808478741805603,10.833222952090184,7.024259736181696,26.5,5.0,129.3
30.167976293671,65.9726809383778,7.808478741805603,10.833222952090184,7.024259736181696,26.5,5.0,123.6
30.167976293671,65.9726809383778,7.808478741805603,10.833222952090184,7.024259736181696,26.5,5.0,111.5
30.167976293671,65.9726809383778,7.808478741805603,10.833222952090184,7.024259736181696,26.5,5.0,121.4666667
30.501505845894844,63.959751246165645,7.70509999718019,11.108723808000326,6.995955649025,26.980828220858896,0.0,13.5
30.501505845894844,63.959751246165645,7.70509999718019,11.108723808000326,6.995955649025,26.980828220858896,0.0,8.6
30.501505845894844,63.959751246165645,7.70509999718019,11.108723808000326,6.995955649025,26.980828220858896,0.0,10.5
30.501505845894844,63.959751246165645,7.70509999718019,11.108723808000326,6.995955649025,26.980828220858896,0.0,10.86666667
30.501505845894844,63.959751246165645,7.70509999718019,11.108723808000326,6.995955649025,26.980828220858896,1.0,32.6
30.501505845894844,63.959751246165645,7.70509999718019,11.108723808000326,6.995955649025,26.980828220858896,1.0,24.1
30.501505845894844,63.959751246165645,7.70509999718019,11.108723808000326,6.995955649025,26.980828220858896,1.0,29.6
30.501505845894844,63.959751246165645,7.70509999718019,11.108723808000326,6.995955649025,26.980828220858896,1.0,28.76666667
30.501505845894844,63.959751246165645,7.70509999718019,11.108723808000326,6.995955649025,26.980828220858896,2.0,55.6
30.501505845894844,63.959751246165645,7.70509999718019,11.108723808000326,6.995955649025,26.980828220858896,2.0,62.6
30.501505845894844,63.959751246165645,7.70509999718019,11.108723808000326,6.995955649025,26.980828220858896,2.0,53.2
30.501505845894844,63.959751246165645,7.70509999718019,11.108723808000326,6.995955649025,26.980828220858896,2.0,57.13333333
30.501505845894844,63.959751246165645,7.70509999718019,11.108723808000326,6.995955649025,26.980828220858896,3.0,79.6
30.501505845894844,63.959751246165645,7.70509999718019,11.108723808000326,6.995955649025,26.980828220858896,3.0,74.6
30.501505845894844,63.959751246165645,7.70509999718019,11.108723808000326,6.995955649025,26.980828220858896,3.0,88.6
30.501505845894844,63.959751246165645,7.70509999718019,11.108723808000326,6.995955649025,26.980828220858896,3.0,80.93333333
30.501505845894844,63.959751246165645,7.70509999718019,11.108723808000326,6.995955649025,26.980828220858896,4.0,100.4
30.501505845894844,63.959751246165645,7.70509999718019,11.108723808000326,6.995955649025,26.980828220858896,4.0,91.6
30.501505845894844,63.959751246165645,7.70509999718019,11.108723808000326,6.995955649025,26.980828220858896,4.0,88.9
30.501505845894844,63.959751246165645,7.70509999718019,11.108723808000326,6.995955649025,26.980828220858896,4.0,93.63333333
30.501505845894844,63.959751246165645,7.70509999718019,11.108723808000326,6.995955649025,26.980828220858896,5.0,129.3
30.501505845894844,63.959751246165645,7.70509999718019,11.108723808000326,6.995955649025,26.980828220858896,5.0,123.6
30.501505845894844,63.959751246165645,7.70509999718019,11.108723808000326,6.995955649025,26.980828220858896,5.0,111.5
30.501505845894844,63.959751246165645,7.70509999718019,11.108723808000326,6.995955649025,26.980828220858896,5.0,121.4666667
32.280055454799104,64.55337829121063,7.372711277645739,11.568785672341152,6.960983033678187,28.440860215053764,0.0,13.5
32.280055454799104,64.55337829121063,7.372711277645739,11.568785672341152,6.960983033678187,28.440860215053764,0.0,8.6
32.280055454799104,64.55337829121063,7.372711277645739,11.568785672341152,6.960983033678187,28.440860215053764,0.0,10.5
32.280055454799104,64.55337829121063,7.372711277645739,11.568785672341152,6.960983033678187,28.440860215053764,0.0,10.86666667
32.280055454799104,64.55337829121063,7.372711277645739,11.568785672341152,6.960983033678187,28.440860215053764,1.0,32.6
32.280055454799104,64.55337829121063,7.372711277645739,11.568785672341152,6.960983033678187,28.440860215053764,1.0,24.1
32.280055454799104,64.55337829121063,7.372711277645739,11.568785672341152,6.960983033678187,28.440860215053764,1.0,29.6
32.280055454799104,64.55337829121063,7.372711277645739,11.568785672341152,6.960983033678187,28.440860215053764,1.0,28.76666667
32.280055454799104,64.55337829121063,7.372711277645739,11.568785672341152,6.960983033678187,28.440860215053764,2.0,55.6
32.280055454799104,64.55337829121063,7.372711277645739,11.568785672341152,6.960983033678187,28.440860215053764,2.0,62.6
32.280055454799104,64.55337829121063,7.372711277645739,11.568785672341152,6.960983033678187,28.440860215053764,2.0,53.2
32.280055454799104,64.55337829121063,7.372711277645739,11.568785672341152,6.960983033678187,28.440860215053764,2.0,57.13333333
32.280055454799104,64.55337829121063,7.372711277645739,11.568785672341152,6.960983033678187,28.440860215053764,3.0,79.6
32.280055454799104,64.55337829121063,7.372711277645739,11.568785672341152,6.960983033678187,28.440860215053764,3.0,74.6
32.280055454799104,64.55337829121063,7.372711277645739,11.568785672341152,6.960983033678187,28.440860215053764,3.0,88.6
32.280055454799104,64.55337829121063,7.372711277645739,11.568785672341152,6.960983033678187,28.440860215053764,3.0,80.93333333
32.280055454799104,64.55337829121063,7.372711277645739,11.568785672341152,6.960983033678187,28.440860215053764,4.0,100.4
32.280055454799104,64.55337829121063,7.372711277645739,11.568785672341152,6.960983033678187,28.440860215053764,4.0,91.6
32.280055454799104,64.55337829121063,7.372711277645739,11.568785672341152,6.960983033678187,28.440860215053764,4.0,88.9
32.280055454799104,64.55337829121063,7.372711277645739,11.568785672341152,6.960983033678187,28.440860215053764,4.0,93.63333333
32.280055454799104,64.55337829121063,7.372711277645739,11.568785672341152,6.960983033678187,28.440860215053764,5.0,129.3
32.280055454799104,64.55337829121063,7.372711277645739,11.568785672341152,6.960983033678187,28.440860215053764,5.0,123.6
32.280055454799104,64.55337829121063,7.372711277645739,11.568785672341152,6.960983033678187,28.440860215053764,5.0,111.5
32.280055454799104,64.55337829121063,7.372711277645739,11.568785672341152,6.960983033678187,28.440860215053764,5.0,121.4666667
34.90459442138672,58.2278974128492,6.831441153267576,10.561262035923823,6.974879798662758,30.904356060606062,0.0,13.5
34.90459442138672,58.2278974128492,6.831441153267576,10.561262035923823,6.974879798662758,30.904356060606062,0.0,8.6
34.90459442138672,58.2278974128492,6.831441153267576,10.561262035923823,6.974879798662758,30.904356060606062,0.0,10.5
34.90459442138672,58.2278974128492,6.831441153267576,10.561262035923823,6.974879798662758,30.904356060606062,0.0,10.86666667
34.90459442138672,58.2278974128492,6.831441153267576,10.561262035923823,6.974879798662758,30.904356060606062,1.0,32.6
34.90459442138672,58.2278974128492,6.831441153267576,10.561262035923823,6.974879798662758,30.904356060606062,1.0,24.1
34.90459442138672,58.2278974128492,6.831441153267576,10.561262035923823,6.974879798662758,30.904356060606062,1.0,29.6
34.90459442138672,58.2278974128492,6.831441153267576,10.561262035923823,6.974879798662758,30.904356060606062,1.0,28.76666667
34.90459442138672,58.2278974128492,6.831441153267576,10.561262035923823,6.974879798662758,30.904356060606062,2.0,55.6
34.90459442138672,58.2278974128492,6.831441153267576,10.561262035923823,6.974879798662758,30.904356060606062,2.0,62.6
34.90459442138672,58.2278974128492,6.831441153267576,10.561262035923823,6.974879798662758,30.904356060606062,2.0,53.2
34.90459442138672,58.2278974128492,6.831441153267576,10.561262035923823,6.974879798662758,30.904356060606062,2.0,57.13333333
34.90459442138672,58.2278974128492,6.831441153267576,10.561262035923823,6.974879798662758,30.904356060606062,3.0,79.6
34.90459442138672,58.2278974128492,6.831441153267576,10.561262035923823,6.974879798662758,30.904356060606062,3.0,74.6
34.90459442138672,58.2278974128492,6.831441153267576,10.561262035923823,6.974879798662758,30.904356060606062,3.0,88.6
34.90459442138672,58.2278974128492,6.831441153267576,10.561262035923823,6.974879798662758,30.904356060606062,3.0,80.93333333
34.90459442138672,58.2278974128492,6.831441153267576,10.561262035923823,6.974879798662758,30.904356060606062,4.0,100.4
34.90459442138672,58.2278974128492,6.831441153267576,10.561262035923823,6.974879798662758,30.904356060606062,4.0,91.6
34.90459442138672,58.2278974128492,6.831441153267576,10.561262035923823,6.974879798662758,30.904356060606062,4.0,88.9
34.90459442138672,58.2278974128492,6.831441153267576,10.561262035923823,6.974879798662758,30.904356060606062,4.0,93.63333333
34.90459442138672,58.2278974128492,6.831441153267576,10.561262035923823,6.974879798662758,30.904356060606062,5.0,129.3
34.90459442138672,58.2278974128492,6.831441153267576,10.561262035923823,6.974879798662758,30.904356060606062,5.0,123.6
34.90459442138672,58.2278974128492,6.831441153267576,10.561262035923823,6.974879798662758,30.904356060606062,5.0,111.5
34.90459442138672,58.2278974128492,6.831441153267576,10.561262035923823,6.974879798662758,30.904356060606062,5.0,121.4666667
30.657518963481103,74.20323098352713,6.911640693161647,8.448067543699771,8.33457553029231,26.5,0.0,13.5
30.657518963481103,74.20323098352713,6.911640693161647,8.448067543699771,8.33457553029231,26.5,0.0,8.6
30.657518963481103,74.20323098352713,6.911640693161647,8.448067543699771,8.33457553029231,26.5,0.0,10.5
30.657518963481103,74.20323098352713,6.911640693161647,8.448067543699771,8.33457553029231,26.5,0.0,10.86666667
30.657518963481103,74.20323098352713,6.911640693161647,8.448067543699771,8.33457553029231,26.5,1.0,32.6
30.657518963481103,74.20323098352713,6.911640693161647,8.448067543699771,8.33457553029231,26.5,1.0,24.1
30.657518963481103,74.20323098352713,6.911640693161647,8.448067543699771,8.33457553029231,26.5,1.0,29.6
30.657518963481103,74.20323098352713,6.911640693161647,8.448067543699771,8.33457553029231,26.5,1.0,28.76666667
30.657518963481103,74.20323098352713,6.911640693161647,8.448067543699771,8.33457553029231,26.5,2.0,55.6
30.657518963481103,74.20323098352713,6.911640693161647,8.448067543699771,8.33457553029231,26.5,2.0,62.6
30.657518963481103,74.20323098352713,6.911640693161647,8.448067543699771,8.33457553029231,26.5,2.0,53.2
30.657518963481103,74.20323098352713,6.911640693161647,8.448067543699771,8.33457553029231,26.5,2.0,57.13333333
30.657518963481103,74.20323098352713,6.911640693161647,8.448067543699771,8.33457553029231,26.5,3.0,79.6
30.657518963481103,74.20323098352713,6.911640693161647,8.448067543699771,8.33457553029231,26.5,3.0,74.6
30.657518963481103,74.20323098352713,6.911640693161647,8.448067543699771,8.33457553029231,26.5,3.0,88.6
30.657518963481103,74.20323098352713,6.911640693161647,8.448067543699771,8.33457553029231,26.5,3.0,80.93333333
30.657518963481103,74.20323098352713,6.911640693161647,8.448067543699771,8.33457553029231,26.5,4.0,100.4
30.657518963481103,74.20323098352713,6.911640693161647,8.448067543699771,8.33457553029231,26.5,4.0,91.6
30.657518963481103,74.20323098352713,6.911640693161647,8.448067543699771,8.33457553029231,26.5,4.0,88.9
30.657518963481103,74.20323098352713,6.911640693161647,8.448067543699771,8.33457553029231,26.5,4.0,93.63333333
30.657518963481103,74.20323098352713,6.911640693161647,8.448067543699771,8.33457553029231,26.5,5.0,129.3
30.657518963481103,74.20323098352713,6.911640693161647,8.448067543699771,8.33457553029231,26.5,5.0,123.6
30.657518963481103,74.20323098352713,6.911640693161647,8.448067543699771,8.33457553029231,26.5,5.0,111.5
30.657518963481103,74.20323098352713,6.911640693161647,8.448067543699771,8.33457553029231,26.5,5.0,121.4666667
30.7477038839589,73.96505604619566,6.670465253438898,8.438514264182789,8.057926918893493,26.64130434782609,0.0,13.5
30.7477038839589,73.96505604619566,6.670465253438898,8.438514264182789,8.057926918893493,26.64130434782609,0.0,8.6
30.7477038839589,73.96505604619566,6.670465253438898,8.438514264182789,8.057926918893493,26.64130434782609,0.0,10.5
30.7477038839589,73.96505604619566,6.670465253438898,8.438514264182789,8.057926918893493,26.64130434782609,0.0,10.86666667
30.7477038839589,73.96505604619566,6.670465253438898,8.438514264182789,8.057926918893493,26.64130434782609,1.0,32.6
30.7477038839589,73.96505604619566,6.670465253438898,8.438514264182789,8.057926918893493,26.64130434782609,1.0,24.1
30.7477038839589,73.96505604619566,6.670465253438898,8.438514264182789,8.057926918893493,26.64130434782609,1.0,29.6
30.7477038839589,73.96505604619566,6.670465253438898,8.438514264182789,8.057926918893493,26.64130434782609,1.0,28.76666667
30.7477038839589,73.96505604619566,6.670465253438898,8.438514264182789,8.057926918893493,26.64130434782609,2.0,55.6
30.7477038839589,73.96505604619566,6.670465253438898,8.438514264182789,8.057926918893493,26.64130434782609,2.0,62.6
30.7477038839589,73.96505604619566,6.670465253438898,8.438514264182789,8.057926918893493,26.64130434782609,2.0,53.2
30.7477038839589,73.96505604619566,6.670465253438898,8.438514264182789,8.057926918893493,26.64130434782609,2.0,57.13333333
30.7477038839589,73.96505604619566,6.670465253438898,8.438514264182789,8.057926918893493,26.64130434782609,3.0,79.6
30.7477038839589,73.96505604619566,6.670465253438898,8.438514264182789,8.057926918893493,26.64130434782609,3.0,74.6
30.7477038839589,73.96505604619566,6.670465253438898,8.438514264182789,8.057926918893493,26.64130434782609,3.0,88.6
30.7477038839589,73.96505604619566,6.670465253438898,8.438514264182789,8.057926918893493,26.64130434782609,3.0,80.93333333
30.7477038839589,73.96505604619566,6.670465253438898,8.438514264182789,8.057926918893493,26.64130434782609,4.0,100.4
30.7477038839589,73.96505604619566,6.670465253438898,8.438514264182789,8.057926918893493,26.64130434782609,4.0,91.6
30.7477038839589,73.96505604619566,6.670465253438898,8.438514264182789,8.057926918893493,26.64130434782609,4.0,88.9
30.7477038839589,73.96505604619566,6.670465253438898,8.438514264182789,8.057926918893493,26.64130434782609,4.0,93.63333333
30.7477038839589,73.96505604619566,6.670465253438898,8.438514264182789,8.057926918893493,26.64130434782609,5.0,129.3
30.7477038839589,73.96505604619566,6.670465253438898,8.438514264182789,8.057926918893493,26.64130434782609,5.0,123.6
30.7477038839589,73.96505604619566,6.670465253438898,8.438514264182789,8.057926918893493,26.64130434782609,5.0,111.5
30.7477038839589,73.96505604619566,6.670465253438898,8.438514264182789,8.057926918893493,26.64130434782609,5.0,121.4666667
39.79922703334263,51.44849504743304,6.410443489751338,9.578815654324297,6.643823046459962,35.875,0.0,13.5
39.79922703334263,51.44849504743304,6.410443489751338,9.578815654324297,6.643823046459962,35.875,0.0,8.6
39.79922703334263,51.44849504743304,6.410443489751338,9.578815654324297,6.643823046459962,35.875,0.0,10.5
39.79922703334263,51.44849504743304,6.410443489751338,9.578815654324297,6.643823046459962,35.875,0.0,10.86666667
39.79922703334263,51.44849504743304,6.410443489751338,9.578815654324297,6.643823046459962,35.875,1.0,32.6
39.79922703334263,51.44849504743304,6.410443489751338,9.578815654324297,6.643823046459962,35.875,1.0,24.1
39.79922703334263,51.44849504743304,6.410443489751338,9.578815654324297,6.643823046459962,35.875,1.0,29.6
39.79922703334263,51.44849504743304,6.410443489751338,9.578815654324297,6.643823046459962,35.875,1.0,28.76666667
39.79922703334263,51.44849504743304,6.410443489751338,9.578815654324297,6.643823046459962,35.875,2.0,55.6
39.79922703334263,51.44849504743304,6.410443489751338,9.578815654324297,6.643823046459962,35.875,2.0,62.6
39.79922703334263,51.44849504743304,6.410443489751338,9.578815654324297,6.643823046459962,35.875,2.0,53.2
39.79922703334263,51.44849504743304,6.410443489751338,9.578815654324297,6.643823046459962,35.875,2.0,57.13333333
39.79922703334263,51.44849504743304,6.410443489751338,9.578815654324297,6.643823046459962,35.875,3.0,79.6
39.79922703334263,51.44849504743304,6.410443489751338,9.578815654324297,6.643823046459962,35.875,3.0,74.6
39.79922703334263,51.44849504743304,6.410443489751338,9.578815654324297,6.643823046459962,35.875,3.0,88.6
39.79922703334263,51.44849504743304,6.410443489751338,9.578815654324297,6.643823046459962,35.875,3.0,80.93333333
39.79922703334263,51.44849504743304,6.410443489751338,9.578815654324297,6.643823046459962,35.875,4.0,100.4
39.79922703334263,51.44849504743304,6.410443489751338,9.578815654324297,6.643823046459962,35.875,4.0,91.6
39.79922703334263,51.44849504743304,6.410443489751338,9.578815654324297,6.643823046459962,35.875,4.0,88.9
39.79922703334263,51.44849504743304,6.410443489751338,9.578815654324297,6.643823046459962,35.875,4.0,93.63333333
39.79922703334263,51.44849504743304,6.410443489751338,9.578815654324297,6.643823046459962,35.875,5.0,129.3
39.79922703334263,51.44849504743304,6.410443489751338,9.578815654324297,6.643823046459962,35.875,5.0,123.6
39.79922703334263,51.44849504743304,6.410443489751338,9.578815654324297,6.643823046459962,35.875,5.0,111.5
39.79922703334263,51.44849504743304,6.410443489751338,9.578815654324297,6.643823046459962,35.875,5.0,121.4666667
37.50526284271816,55.54736635220126,6.559416499598556,9.49784459156152,6.350019773686963,34.5251572327044,0.0,13.5
37.50526284271816,55.54736635220126,6.559416499598556,9.49784459156152,6.350019773686963,34.5251572327044,0.0,8.6
37.50526284271816,55.54736635220126,6.559416499598556,9.49784459156152,6.350019773686963,34.5251572327044,0.0,10.5
37.50526284271816,55.54736635220126,6.559416499598556,9.49784459156152,6.350019773686963,34.5251572327044,0.0,10.86666667
37.50526284271816,55.54736635220126,6.559416499598556,9.49784459156152,6.350019773686963,34.5251572327044,1.0,32.6
37.50526284271816,55.54736635220126,6.559416499598556,9.49784459156152,6.350019773686963,34.5251572327044,1.0,24.1
37.50526284271816,55.54736635220126,6.559416499598556,9.49784459156152,6.350019773686963,34.5251572327044,1.0,29.6
37.50526284271816,55.54736635220126,6.559416499598556,9.49784459156152,6.350019773686963,34.5251572327044,1.0,28.76666667
37.50526284271816,55.54736635220126,6.559416499598556,9.49784459156152,6.350019773686963,34.5251572327044,2.0,55.6
37.50526284271816,55.54736635220126,6.559416499598556,9.49784459156152,6.350019773686963,34.5251572327044,2.0,62.6
37.50526284271816,55.54736635220126,6.559416499598556,9.49784459156152,6.350019773686963,34.5251572327044,2.0,53.2
37.50526284271816,55.54736635220126,6.559416499598556,9.49784459156152,6.350019773686963,34.5251572327044,2.0,57.13333333
37.50526284271816,55.54736635220126,6.559416499598556,9.49784459156152,6.350019773686963,34.5251572327044,3.0,79.6
37.50526284271816,55.54736635220126,6.559416499598556,9.49784459156152,6.350019773686963,34.5251572327044,3.0,74.6
37.50526284271816,55.54736635220126,6.559416499598556,9.49784459156152,6.350019773686963,34.5251572327044,3.0,88.6
37.50526284271816,55.54736635220126,6.559416499598556,9.49784459156152,6.350019773686963,34.5251572327044,3.0,80.93333333
37.50526284271816,55.54736635220126,6.559416499598556,9.49784459156152,6.350019773686963,34.5251572327044,4.0,100.4
37.50526284271816,55.54736635220126,6.559416499598556,9.49784459156152,6.350019773686963,34.5251572327044,4.0,91.6
37.50526284271816,55.54736635220126,6.559416499598556,9.49784459156152,6.350019773686963,34.5251572327044,4.0,88.9
37.50526284271816,55.54736635220126,6.559416499598556,9.49784459156152,6.350019773686963,34.5251572327044,4.0,93.63333333
37.50526284271816,55.54736635220126,6.559416499598556,9.49784459156152,6.350019773686963,34.5251572327044,5.0,129.3
37.50526284271816,55.54736635220126,6.559416499598556,9.49784459156152,6.350019773686963,34.5251572327044,5.0,123.6
37.50526284271816,55.54736635220126,6.559416499598556,9.49784459156152,6.350019773686963,34.5251572327044,5.0,111.5
37.50526284271816,55.54736635220126,6.559416499598556,9.49784459156152,6.350019773686963,34.5251572327044,5.0,121.4666667
35.56473455969444,60.50918836140888,5.842576105979886,9.602871679990892,7.84208526310665,32.13169984686064,0.0,13.5
35.56473455969444,60.50918836140888,5.842576105979886,9.602871679990892,7.84208526310665,32.13169984686064,0.0,8.6
35.56473455969444,60.50918836140888,5.842576105979886,9.602871679990892,7.84208526310665,32.13169984686064,0.0,10.5
35.56473455969444,60.50918836140888,5.842576105979886,9.602871679990892,7.84208526310665,32.13169984686064,0.0,10.86666667
35.56473455969444,60.50918836140888,5.842576105979886,9.602871679990892,7.84208526310665,32.13169984686064,1.0,32.6
35.56473455969444,60.50918836140888,5.842576105979886,9.602871679990892,7.84208526310665,32.13169984686064,1.0,24.1
35.56473455969444,60.50918836140888,5.842576105979886,9.602871679990892,7.84208526310665,32.13169984686064,1.0,29.6
35.56473455969444,60.50918836140888,5.842576105979886,9.602871679990892,7.84208526310665,32.13169984686064,1.0,28.76666667
35.56473455969444,60.50918836140888,5.842576105979886,9.602871679990892,7.84208526310665,32.13169984686064,2.0,55.6
35.56473455969444,60.50918836140888,5.842576105979886,9.602871679990892,7.84208526310665,32.13169984686064,2.0,62.6
35.56473455969444,60.50918836140888,5.842576105979886,9.602871679990892,7.84208526310665,32.13169984686064,2.0,53.2
35.56473455969444,60.50918836140888,5.842576105979886,9.602871679990892,7.84208526310665,32.13169984686064,2.0,57.13333333
35.56473455969444,60.50918836140888,5.842576105979886,9.602871679990892,7.84208526310665,32.13169984686064,3.0,79.6
35.56473455969444,60.50918836140888,5.842576105979886,9.602871679990892,7.84208526310665,32.13169984686064,3.0,74.6
35.56473455969444,60.50918836140888,5.842576105979886,9.602871679990892,7.84208526310665,32.13169984686064,3.0,88.6
35.56473455969444,60.50918836140888,5.842576105979886,9.602871679990892,7.84208526310665,32.13169984686064,3.0,80.93333333
35.56473455969444,60.50918836140888,5.842576105979886,9.602871679990892,7.84208526310665,32.13169984686064,4.0,100.4
35.56473455969444,60.50918836140888,5.842576105979886,9.602871679990892,7.84208526310665,32.13169984686064,4.0,91.6
35.56473455969444,60.50918836140888,5.842576105979886,9.602871679990892,7.84208526310665,32.13169984686064,4.0,88.9
35.56473455969444,60.50918836140888,5.842576105979886,9.602871679990892,7.84208526310665,32.13169984686064,4.0,93.63333333
35.56473455969444,60.50918836140888,5.842576105979886,9.602871679990892,7.84208526310665,32.13169984686064,5.0,129.3
35.56473455969444,60.50918836140888,5.842576105979886,9.602871679990892,7.84208526310665,32.13169984686064,5.0,123.6
35.56473455969444,60.50918836140888,5.842576105979886,9.602871679990892,7.84208526310665,32.13169984686064,5.0,111.5
35.56473455969444,60.50918836140888,5.842576105979886,9.602871679990892,7.84208526310665,32.13169984686064,5.0,121.4666667
31.348704238610765,69.22214250623082,6.555224812462327,10.344943653176374,7.862725740461903,28.766104294478527,0.0,13.5
31.348704238610765,69.22214250623082,6.555224812462327,10.344943653176374,7.862725740461903,28.766104294478527,0.0,8.6
31.348704238610765,69.22214250623082,6.555224812462327,10.344943653176374,7.862725740461903,28.766104294478527,0.0,10.5
31.348704238610765,69.22214250623082,6.555224812462327,10.344943653176374,7.862725740461903,28.766104294478527,0.0,10.86666667
31.348704238610765,69.22214250623082,6.555224812462327,10.344943653176374,7.862725740461903,28.766104294478527,1.0,32.6
31.348704238610765,69.22214250623082,6.555224812462327,10.344943653176374,7.862725740461903,28.766104294478527,1.0,24.1
31.348704238610765,69.22214250623082,6.555224812462327,10.344943653176374,7.862725740461903,28.766104294478527,1.0,29.6
31.348704238610765,69.22214250623082,6.555224812462327,10.344943653176374,7.862725740461903,28.766104294478527,1.0,28.76666667
31.348704238610765,69.22214250623082,6.555224812462327,10.344943653176374,7.862725740461903,28.766104294478527,2.0,55.6
31.348704238610765,69.22214250623082,6.555224812462327,10.344943653176374,7.862725740461903,28.766104294478527,2.0,62.6
31.348704238610765,69.22214250623082,6.555224812462327,10.344943653176374,7.862725740461903,28.766104294478527,2.0,53.2
31.348704238610765,69.22214250623082,6.555224812462327,10.344943653176374,7.862725740461903,28.766104294478527,2.0,57.13333333
31.348704238610765,69.22214250623082,6.555224812462327,10.344943653176374,7.862725740461903,28.766104294478527,3.0,79.6
31.348704238610765,69.22214250623082,6.555224812462327,10.344943653176374,7.862725740461903,28.766104294478527,3.0,74.6
31.348704238610765,69.22214250623082,6.555224812462327,10.344943653176374,7.862725740461903,28.766104294478527,3.0,88.6
31.348704238610765,69.22214250623082,6.555224812462327,10.344943653176374,7.862725740461903,28.766104294478527,3.0,80.93333333
31.348704238610765,69.22214250623082,6.555224812462327,10.344943653176374,7.862725740461903,28.766104294478527,4.0,100.4
31.348704238610765,69.22214250623082,6.555224812462327,10.344943653176374,7.862725740461903,28.766104294478527,4.0,91.6
31.348704238610765,69.22214250623082,6.555224812462327,10.344943653176374,7.862725740461903,28.766104294478527,4.0,88.9
31.348704238610765,69.22214250623082,6.555224812462327,10.344943653176374,7.862725740461903,28.766104294478527,4.0,93.63333333
31.348704238610765,69.22214250623082,6.555224812462327,10.344943653176374,7.862725740461903,28.766104294478527,5.0,129.3
31.348704238610765,69.22214250623082,6.555224812462327,10.344943653176374,7.862725740461903,28.766104294478527,5.0,123.6
31.348704238610765,69.22214250623082,6.555224812462327,10.344943653176374,7.862725740461903,28.766104294478527,5.0,111.5
31.348704238610765,69.22214250623082,6.555224812462327,10.344943653176374,7.862725740461903,28.766104294478527,5.0,121.4666667
29.66811876749737,70.94420919374521,8.261918040025728,11.111632926006289,6.685161773075571,25.494640122511484,0.0,13.5
29.66811876749737,70.94420919374521,8.261918040025728,11.111632926006289,6.685161773075571,25.494640122511484,0.0,8.6
29.66811876749737,70.94420919374521,8.261918040025728,11.111632926006289,6.685161773075571,25.494640122511484,0.0,10.5
29.66811876749737,70.94420919374521,8.261918040025728,11.111632926006289,6.685161773075571,25.494640122511484,0.0,10.86666667
29.66811876749737,70.94420919374521,8.261918040025728,11.111632926006289,6.685161773075571,25.494640122511484,1.0,32.6
29.66811876749737,70.94420919374521,8.261918040025728,11.111632926006289,6.685161773075571,25.494640122511484,1.0,24.1
29.66811876749737,70.94420919374521,8.261918040025728,11.111632926006289,6.685161773075571,25.494640122511484,1.0,29.6
29.66811876749737,70.94420919374521,8.261918040025728,11.111632926006289,6.685161773075571,25.494640122511484,1.0,28.76666667
29.66811876749737,70.94420919374521,8.261918040025728,11.111632926006289,6.685161773075571,25.494640122511484,2.0,55.6
29.66811876749737,70.94420919374521,8.261918040025728,11.111632926006289,6.685161773075571,25.494640122511484,2.0,62.6
29.66811876749737,70.94420919374521,8.261918040025728,11.111632926006289,6.685161773075571,25.494640122511484,2.0,53.2
29.66811876749737,70.94420919374521,8.261918040025728,11.111632926006289,6.685161773075571,25.494640122511484,2.0,57.13333333
29.66811876749737,70.94420919374521,8.261918040025728,11.111632926006289,6.685161773075571,25.494640122511484,3.0,79.6
29.66811876749737,70.94420919374521,8.261918040025728,11.111632926006289,6.685161773075571,25.494640122511484,3.0,74.6
29.66811876749737,70.94420919374521,8.261918040025728,11.111632926006289,6.685161773075571,25.494640122511484,3.0,88.6
29.66811876749737,70.94420919374521,8.261918040025728,11.111632926006289,6.685161773075571,25.494640122511484,3.0,80.93333333
29.66811876749737,70.94420919374521,8.261918040025728,11.111632926006289,6.685161773075571,25.494640122511484,4.0,100.4
29.66811876749737,70.94420919374521,8.261918040025728,11.111632926006289,6.685161773075571,25.494640122511484,4.0,91.6
29.66811876749737,70.94420919374521,8.261918040025728,11.111632926006289,6.685161773075571,25.494640122511484,4.0,88.9
29.66811876749737,70.94420919374521,8.261918040025728,11.111632926006289,6.685161773075571,25.494640122511484,4.0,93.63333333
29.66811876749737,70.94420919374521,8.261918040025728,11.111632926006289,6.685161773075571,25.494640122511484,5.0,129.3
29.66811876749737,70.94420919374521,8.261918040025728,11.111632926006289,6.685161773075571,25.494640122511484,5.0,123.6
29.66811876749737,70.94420919374521,8.261918040025728,11.111632926006289,6.685161773075571,25.494640122511484,5.0,111.5
29.66811876749737,70.94420919374521,8.261918040025728,11.111632926006289,6.685161773075571,25.494640122511484,5.0,121.4666667
30.362371704662376,70.76819801038476,7.908696819290874,10.896616103589691,6.999283831044865,25.88667687595712,0.0,13.5
30.362371704662376,70.76819801038476,7.908696819290874,10.896616103589691,6.999283831044865,25.88667687595712,0.0,8.6
30.362371704662376,70.76819801038476,7.908696819290874,10.896616103589691,6.999283831044865,25.88667687595712,0.0,10.5
30.362371704662376,70.76819801038476,7.908696819290874,10.896616103589691,6.999283831044865,25.88667687595712,0.0,10.86666667
30.362371704662376,70.76819801038476,7.908696819290874,10.896616103589691,6.999283831044865,25.88667687595712,1.0,32.6
30.362371704662376,70.76819801038476,7.908696819290874,10.896616103589691,6.999283831044865,25.88667687595712,1.0,24.1
30.362371704662376,70.76819801038476,7.908696819290874,10.896616103589691,6.999283831044865,25.88667687595712,1.0,29.6
30.362371704662376,70.76819801038476,7.908696819290874,10.896616103589691,6.999283831044865,25.88667687595712,1.0,28.76666667
30.362371704662376,70.76819801038476,7.908696819290874,10.896616103589691,6.999283831044865,25.88667687595712,2.0,55.6
30.362371704662376,70.76819801038476,7.908696819290874,10.896616103589691,6.999283831044865,25.88667687595712,2.0,62.6
30.362371704662376,70.76819801038476,7.908696819290874,10.896616103589691,6.999283831044865,25.88667687595712,2.0,53.2
30.362371704662376,70.76819801038476,7.908696819290874,10.896616103589691,6.999283831044865,25.88667687595712,2.0,57.13333333
30.362371704662376,70.76819801038476,7.908696819290874,10.896616103589691,6.999283831044865,25.88667687595712,3.0,79.6
30.362371704662376,70.76819801038476,7.908696819290874,10.896616103589691,6.999283831044865,25.88667687595712,3.0,74.6
30.362371704662376,70.76819801038476,7.908696819290874,10.896616103589691,6.999283831044865,25.88667687595712,3.0,88.6
30.362371704662376,70.76819801038476,7.908696819290874,10.896616103589691,6.999283831044865,25.88667687595712,3.0,80.93333333
30.362371704662376,70.76819801038476,7.908696819290874,10.896616103589691,6.999283831044865,25.88667687595712,4.0,100.4
30.362371704662376,70.76819801038476,7.908696819290874,10.896616103589691,6.999283831044865,25.88667687595712,4.0,91.6
30.362371704662376,70.76819801038476,7.908696819290874,10.896616103589691,6.999283831044865,25.88667687595712,4.0,88.9
30.362371704662376,70.76819801038476,7.908696819290874,10.896616103589691,6.999283831044865,25.88667687595712,4.0,93.63333333
30.362371704662376,70.76819801038476,7.908696819290874,10.896616103589691,6.999283831044865,25.88667687595712,5.0,129.3
30.362371704662376,70.76819801038476,7.908696819290874,10.896616103589691,6.999283831044865,25.88667687595712,5.0,123.6
30.362371704662376,70.76819801038476,7.908696819290874,10.896616103589691,6.999283831044865,25.88667687595712,5.0,111.5
30.362371704662376,70.76819801038476,7.908696819290874,10.896616103589691,6.999283831044865,25.88667687595712,5.0,121.4666667
31.181329841088008,71.10044236935299,6.247063981561581,11.027771663913862,8.369211499706118,26.985451761102603,0.0,13.5
31.181329841088008,71.10044236935299,6.247063981561581,11.027771663913862,8.369211499706118,26.985451761102603,0.0,8.6
31.181329841088008,71.10044236935299,6.247063981561581,11.027771663913862,8.369211499706118,26.985451761102603,0.0,10.5
31.181329841088008,71.10044236935299,6.247063981561581,11.027771663913862,8.369211499706118,26.985451761102603,0.0,10.86666667
31.181329841088008,71.10044236935299,6.247063981561581,11.027771663913862,8.369211499706118,26.985451761102603,1.0,32.6
31.181329841088008,71.10044236935299,6.247063981561581,11.027771663913862,8.369211499706118,26.985451761102603,1.0,24.1
31.181329841088008,71.10044236935299,6.247063981561581,11.027771663913862,8.369211499706118,26.985451761102603,1.0,29.6
31.181329841088008,71.10044236935299,6.247063981561581,11.027771663913862,8.369211499706118,26.985451761102603,1.0,28.76666667
31.181329841088008,71.10044236935299,6.247063981561581,11.027771663913862,8.369211499706118,26.985451761102603,2.0,55.6
31.181329841088008,71.10044236935299,6.247063981561581,11.027771663913862,8.369211499706118,26.985451761102603,2.0,62.6
31.181329841088008,71.10044236935299,6.247063981561581,11.027771663913862,8.369211499706118,26.985451761102603,2.0,53.2
31.181329841088008,71.10044236935299,6.247063981561581,11.027771663913862,8.369211499706118,26.985451761102603,2.0,57.13333333
31.181329841088008,71.10044236935299,6.247063981561581,11.027771663913862,8.369211499706118,26.985451761102603,3.0,79.6
31.181329841088008,71.10044236935299,6.247063981561581,11.027771663913862,8.369211499706118,26.985451761102603,3.0,74.6
31.181329841088008,71.10044236935299,6.247063981561581,11.027771663913862,8.369211499706118,26.985451761102603,3.0,88.6
31.181329841088008,71.10044236935299,6.247063981561581,11.027771663913862,8.369211499706118,26.985451761102603,3.0,80.93333333
31.181329841088008,71.10044236935299,6.247063981561581,11.027771663913862,8.369211499706118,26.985451761102603,4.0,100.4
31.181329841088008,71.10044236935299,6.247063981561581,11.027771663913862,8.369211499706118,26.985451761102603,4.0,91.6
31.181329841088008,71.10044236935299,6.247063981561581,11.027771663913862,8.369211499706118,26.985451761102603,4.0,88.9
31.181329841088008,71.10044236935299,6.247063981561581,11.027771663913862,8.369211499706118,26.985451761102603,4.0,93.63333333
31.181329841088008,71.10044236935299,6.247063981561581,11.027771663913862,8.369211499706118,26.985451761102603,5.0,129.3
31.181329841088008,71.10044236935299,6.247063981561581,11.027771663913862,8.369211499706118,26.985451761102603,5.0,123.6
31.181329841088008,71.10044236935299,6.247063981561581,11.027771663913862,8.369211499706118,26.985451761102603,5.0,111.5
31.181329841088008,71.10044236935299,6.247063981561581,11.027771663913862,8.369211499706118,26.985451761102603,5.0,121.4666667
31.923234155572995,70.7732030950441,8.049207598407044,10.780825371434696,6.522619674765052,27.21472392638037,0.0,13.5
31.923234155572995,70.7732030950441,8.049207598407044,10.780825371434696,6.522619674765052,27.21472392638037,0.0,8.6
31.923234155572995,70.7732030950441,8.049207598407044,10.780825371434696,6.522619674765052,27.21472392638037,0.0,10.5
31.923234155572995,70.7732030950441,8.049207598407044,10.780825371434696,6.522619674765052,27.21472392638037,0.0,10.86666667
31.923234155572995,70.7732030950441,8.049207598407044,10.780825371434696,6.522619674765052,27.21472392638037,1.0,32.6
31.923234155572995,70.7732030950441,8.049207598407044,10.780825371434696,6.522619674765052,27.21472392638037,1.0,24.1
31.923234155572995,70.7732030950441,8.049207598407044,10.780825371434696,6.522619674765052,27.21472392638037,1.0,29.6
31.923234155572995,70.7732030950441,8.049207598407044,10.780825371434696,6.522619674765052,27.21472392638037,1.0,28.76666667
31.923234155572995,70.7732030950441,8.049207598407044,10.780825371434696,6.522619674765052,27.21472392638037,2.0,55.6
31.923234155572995,70.7732030950441,8.049207598407044,10.780825371434696,6.522619674765052,27.21472392638037,2.0,62.6
31.923234155572995,70.7732030950441,8.049207598407044,10.780825371434696,6.522619674765052,27.21472392638037,2.0,53.2
31.923234155572995,70.7732030950441,8.049207598407044,10.780825371434696,6.522619674765052,27.21472392638037,2.0,57.13333333
31.923234155572995,70.7732030950441,8.049207598407044,10.780825371434696,6.522619674765052,27.21472392638037,3.0,79.6
31.923234155572995,70.7732030950441,8.049207598407044,10.780825371434696,6.522619674765052,27.21472392638037,3.0,74.6
31.923234155572995,70.7732030950441,8.049207598407044,10.780825371434696,6.522619674765052,27.21472392638037,3.0,88.6
31.923234155572995,70.7732030950441,8.049207598407044,10.780825371434696,6.522619674765052,27.21472392638037,3.0,80.93333333
31.923234155572995,70.7732030950441,8.049207598407044,10.780825371434696,6.522619674765052,27.21472392638037,4.0,100.4
31.923234155572995,70.7732030950441,8.049207598407044,10.780825371434696,6.522619674765052,27.21472392638037,4.0,91.6
31.923234155572995,70.7732030950441,8.049207598407044,10.780825371434696,6.522619674765052,27.21472392638037,4.0,88.9
31.923234155572995,70.7732030950441,8.049207598407044,10.780825371434696,6.522619674765052,27.21472392638037,4.0,93.63333333
31.923234155572995,70.7732030950441,8.049207598407044,10.780825371434696,6.522619674765052,27.21472392638037,5.0,129.3
31.923234155572995,70.7732030950441,8.049207598407044,10.780825371434696,6.522619674765052,27.21472392638037,5.0,123.6
31.923234155572995,70.7732030950441,8.049207598407044,10.780825371434696,6.522619674765052,27.21472392638037,5.0,111.5
31.923234155572995,70.7732030950441,8.049207598407044,10.780825371434696,6.522619674765052,27.21472392638037,5.0,121.4666667
32.903175588034415,66.9647778470092,7.714681055537593,10.217948917366863,6.484327967136365,28.0659509202454,0.0,13.5
32.903175588034415,66.9647778470092,7.714681055537593,10.217948917366863,6.484327967136365,28.0659509202454,0.0,8.6
32.903175588034415,66.9647778470092,7.714681055537593,10.217948917366863,6.484327967136365,28.0659509202454,0.0,10.5
32.903175588034415,66.9647778470092,7.714681055537593,10.217948917366863,6.484327967136365,28.0659509202454,0.0,10.86666667
32.903175588034415,66.9647778470092,7.714681055537593,10.217948917366863,6.484327967136365,28.0659509202454,1.0,32.6
32.903175588034415,66.9647778470092,7.714681055537593,10.217948917366863,6.484327967136365,28.0659509202454,1.0,24.1
32.903175588034415,66.9647778470092,7.714681055537593,10.217948917366863,6.484327967136365,28.0659509202454,1.0,29.6
32.903175588034415,66.9647778470092,7.714681055537593,10.217948917366863,6.484327967136365,28.0659509202454,1.0,28.76666667
32.903175588034415,66.9647778470092,7.714681055537593,10.217948917366863,6.484327967136365,28.0659509202454,2.0,55.6
32.903175588034415,66.9647778470092,7.714681055537593,10.217948917366863,6.484327967136365,28.0659509202454,2.0,62.6
32.903175588034415,66.9647778470092,7.714681055537593,10.217948917366863,6.484327967136365,28.0659509202454,2.0,53.2
32.903175588034415,66.9647778470092,7.714681055537593,10.217948917366863,6.484327967136365,28.0659509202454,2.0,57.13333333
32.903175588034415,66.9647778470092,7.714681055537593,10.217948917366863,6.484327967136365,28.0659509202454,3.0,79.6
32.903175588034415,66.9647778470092,7.714681055537593,10.217948917366863,6.484327967136365,28.0659509202454,3.0,74.6
32.903175588034415,66.9647778470092,7.714681055537593,10.217948917366863,6.484327967136365,28.0659509202454,3.0,88.6
32.903175588034415,66.9647778470092,7.714681055537593,10.217948917366863,6.484327967136365,28.0659509202454,3.0,80.93333333
32.903175588034415,66.9647778470092,7.714681055537593,10.217948917366863,6.484327967136365,28.0659509202454,4.0,100.4
32.903175588034415,66.9647778470092,7.714681055537593,10.217948917366863,6.484327967136365,28.0659509202454,4.0,91.6
32.903175588034415,66.9647778470092,7.714681055537593,10.217948917366863,6.484327967136365,28.0659509202454,4.0,88.9
32.903175588034415,66.9647778470092,7.714681055537593,10.217948917366863,6.484327967136365,28.0659509202454,4.0,93.63333333
32.903175588034415,66.9647778470092,7.714681055537593,10.217948917366863,6.484327967136365,28.0659509202454,5.0,129.3
32.903175588034415,66.9647778470092,7.714681055537593,10.217948917366863,6.484327967136365,28.0659509202454,5.0,123.6
32.903175588034415,66.9647778470092,7.714681055537593,10.217948917366863,6.484327967136365,28.0659509202454,5.0,111.5
32.903175588034415,66.9647778470092,7.714681055537593,10.217948917366863,6.484327967136365,28.0659509202454,5.0,121.4666667
34.33210173998874,62.95358856762845,7.129465600503995,10.200903087233677,6.94389759288526,29.3489263803681,0.0,13.5
34.33210173998874,62.95358856762845,7.129465600503995,10.200903087233677,6.94389759288526,29.3489263803681,0.0,8.6
34.33210173998874,62.95358856762845,7.129465600503995,10.200903087233677,6.94389759288526,29.3489263803681,0.0,10.5
34.33210173998874,62.95358856762845,7.129465600503995,10.200903087233677,6.94389759288526,29.3489263803681,0.0,10.86666667
34.33210173998874,62.95358856762845,7.129465600503995,10.200903087233677,6.94389759288526,29.3489263803681,1.0,32.6
34.33210173998874,62.95358856762845,7.129465600503995,10.200903087233677,6.94389759288526,29.3489263803681,1.0,24.1
34.33210173998874,62.95358856762845,7.129465600503995,10.200903087233677,6.94389759288526,29.3489263803681,1.0,29.6
34.33210173998874,62.95358856762845,7.129465600503995,10.200903087233677,6.94389759288526,29.3489263803681,1.0,28.76666667
34.33210173998874,62.95358856762845,7.129465600503995,10.200903087233677,6.94389759288526,29.3489263803681,2.0,55.6
34.33210173998874,62.95358856762845,7.129465600503995,10.200903087233677,6.94389759288526,29.3489263803681,2.0,62.6
34.33210173998874,62.95358856762845,7.129465600503995,10.200903087233677,6.94389759288526,29.3489263803681,2.0,53.2
34.33210173998874,62.95358856762845,7.129465600503995,10.200903087233677,6.94389759288526,29.3489263803681,2.0,57.13333333
34.33210173998874,62.95358856762845,7.129465600503995,10.200903087233677,6.94389759288526,29.3489263803681,3.0,79.6
34.33210173998874,62.95358856762845,7.129465600503995,10.200903087233677,6.94389759288526,29.3489263803681,3.0,74.6
34.33210173998874,62.95358856762845,7.129465600503995,10.200903087233677,6.94389759288526,29.3489263803681,3.0,88.6
34.33210173998874,62.95358856762845,7.129465600503995,10.200903087233677,6.94389759288526,29.3489263803681,3.0,80.93333333
34.33210173998874,62.95358856762845,7.129465600503995,10.200903087233677,6.94389759288526,29.3489263803681,4.0,100.4
34.33210173998874,62.95358856762845,7.129465600503995,10.200903087233677,6.94389759288526,29.3489263803681,4.0,91.6
34.33210173998874,62.95358856762845,7.129465600503995,10.200903087233677,6.94389759288526,29.3489263803681,4.0,88.9
34.33210173998874,62.95358856762845,7.129465600503995,10.200903087233677,6.94389759288526,29.3489263803681,4.0,93.63333333
34.33210173998874,62.95358856762845,7.129465600503995,10.200903087233677,6.94389759288526,29.3489263803681,5.0,129.3
34.33210173998874,62.95358856762845,7.129465600503995,10.200903087233677,6.94389759288526,29.3489263803681,5.0,123.6
34.33210173998874,62.95358856762845,7.129465600503995,10.200903087233677,6.94389759288526,29.3489263803681,5.0,111.5
34.33210173998874,62.95358856762845,7.129465600503995,10.200903087233677,6.94389759288526,29.3489263803681,5.0,121.4666667
35.52513122558594,61.973063151041664,6.554303835510708,10.196619111908689,6.685880099166105,30.33333333333333,0.0,13.5
35.52513122558594,61.973063151041664,6.554303835510708,10.196619111908689,6.685880099166105,30.33333333333333,0.0,8.6
35.52513122558594,61.973063151041664,6.554303835510708,10.196619111908689,6.685880099166105,30.33333333333333,0.0,10.5
35.52513122558594,61.973063151041664,6.554303835510708,10.196619111908689,6.685880099166105,30.33333333333333,0.0,10.86666667
35.52513122558594,61.973063151041664,6.554303835510708,10.196619111908689,6.685880099166105,30.33333333333333,1.0,32.6
35.52513122558594,61.973063151041664,6.554303835510708,10.196619111908689,6.685880099166105,30.33333333333333,1.0,24.1
35.52513122558594,61.973063151041664,6.554303835510708,10.196619111908689,6.685880099166105,30.33333333333333,1.0,29.6
35.52513122558594,61.973063151041664,6.554303835510708,10.196619111908689,6.685880099166105,30.33333333333333,1.0,28.76666667
35.52513122558594,61.973063151041664,6.554303835510708,10.196619111908689,6.685880099166105,30.33333333333333,2.0,55.6
35.52513122558594,61.973063151041664,6.554303835510708,10.196619111908689,6.685880099166105,30.33333333333333,2.0,62.6
35.52513122558594,61.973063151041664,6.554303835510708,10.196619111908689,6.685880099166105,30.33333333333333,2.0,53.2
35.52513122558594,61.973063151041664,6.554303835510708,10.196619111908689,6.685880099166105,30.33333333333333,2.0,57.13333333
35.52513122558594,61.973063151041664,6.554303835510708,10.196619111908689,6.685880099166105,30.33333333333333,3.0,79.6
35.52513122558594,61.973063151041664,6.554303835510708,10.196619111908689,6.685880099166105,30.33333333333333,3.0,74.6
35.52513122558594,61.973063151041664,6.554303835510708,10.196619111908689,6.685880099166105,30.33333333333333,3.0,88.6
35.52513122558594,61.973063151041664,6.554303835510708,10.196619111908689,6.685880099166105,30.33333333333333,3.0,80.93333333
35.52513122558594,61.973063151041664,6.554303835510708,10.196619111908689,6.685880099166105,30.33333333333333,4.0,100.4
35.52513122558594,61.973063151041664,6.554303835510708,10.196619111908689,6.685880099166105,30.33333333333333,4.0,91.6
35.52513122558594,61.973063151041664,6.554303835510708,10.196619111908689,6.685880099166105,30.33333333333333,4.0,88.9
35.52513122558594,61.973063151041664,6.554303835510708,10.196619111908689,6.685880099166105,30.33333333333333,4.0,93.63333333
35.52513122558594,61.973063151041664,6.554303835510708,10.196619111908689,6.685880099166105,30.33333333333333,5.0,129.3
35.52513122558594,61.973063151041664,6.554303835510708,10.196619111908689,6.685880099166105,30.33333333333333,5.0,123.6
35.52513122558594,61.973063151041664,6.554303835510708,10.196619111908689,6.685880099166105,30.33333333333333,5.0,111.5
35.52513122558594,61.973063151041664,6.554303835510708,10.196619111908689,6.685880099166105,30.33333333333333,5.0,121.4666667
30.772316672585227,78.31567181043388,9.132981598333968,11.12541712265697,5.430351210177874,26.52617079889807,0.0,13.5
30.772316672585227,78.31567181043388,9.132981598333968,11.12541712265697,5.430351210177874,26.52617079889807,0.0,8.6
30.772316672585227,78.31567181043388,9.132981598333968,11.12541712265697,5.430351210177874,26.52617079889807,0.0,10.5
30.772316672585227,78.31567181043388,9.132981598333968,11.12541712265697,5.430351210177874,26.52617079889807,0.0,10.86666667
30.772316672585227,78.31567181043388,9.132981598333968,11.12541712265697,5.430351210177874,26.52617079889807,1.0,32.6
30.772316672585227,78.31567181043388,9.132981598333968,11.12541712265697,5.430351210177874,26.52617079889807,1.0,24.1
30.772316672585227,78.31567181043388,9.132981598333968,11.12541712265697,5.430351210177874,26.52617079889807,1.0,29.6
30.772316672585227,78.31567181043388,9.132981598333968,11.12541712265697,5.430351210177874,26.52617079889807,1.0,28.76666667
30.772316672585227,78.31567181043388,9.132981598333968,11.12541712265697,5.430351210177874,26.52617079889807,2.0,55.6
30.772316672585227,78.31567181043388,9.132981598333968,11.12541712265697,5.430351210177874,26.52617079889807,2.0,62.6
30.772316672585227,78.31567181043388,9.132981598333968,11.12541712265697,5.430351210177874,26.52617079889807,2.0,53.2
30.772316672585227,78.31567181043388,9.132981598333968,11.12541712265697,5.430351210177874,26.52617079889807,2.0,57.13333333
30.772316672585227,78.31567181043388,9.132981598333968,11.12541712265697,5.430351210177874,26.52617079889807,3.0,79.6
30.772316672585227,78.31567181043388,9.132981598333968,11.12541712265697,5.430351210177874,26.52617079889807,3.0,74.6
30.772316672585227,78.31567181043388,9.132981598333968,11.12541712265697,5.430351210177874,26.52617079889807,3.0,88.6
30.772316672585227,78.31567181043388,9.132981598333968,11.12541712265697,5.430351210177874,26.52617079889807,3.0,80.93333333
30.772316672585227,78.31567181043388,9.132981598333968,11.12541712265697,5.430351210177874,26.52617079889807,4.0,100.4
30.772316672585227,78.31567181043388,9.132981598333968,11.12541712265697,5.430351210177874,26.52617079889807,4.0,91.6
30.772316672585227,78.31567181043388,9.132981598333968,11.12541712265697,5.430351210177874,26.52617079889807,4.0,88.9
30.772316672585227,78.31567181043388,9.132981598333968,11.12541712265697,5.430351210177874,26.52617079889807,4.0,93.63333333
30.772316672585227,78.31567181043388,9.132981598333968,11.12541712265697,5.430351210177874,26.52617079889807,5.0,129.3
30.772316672585227,78.31567181043388,9.132981598333968,11.12541712265697,5.430351210177874,26.52617079889807,5.0,123.6
30.772316672585227,78.31567181043388,9.132981598333968,11.12541712265697,5.430351210177874,26.52617079889807,5.0,111.5
30.772316672585227,78.31567181043388,9.132981598333968,11.12541712265697,5.430351210177874,26.52617079889807,5.0,121.4666667
30.9779946788796,77.66797812000266,9.262066223532392,11.206942100133416,5.369605176089993,26.932835820895523,0.0,13.5
30.9779946788796,77.66797812000266,9.262066223532392,11.206942100133416,5.369605176089993,26.932835820895523,0.0,8.6
30.9779946788796,77.66797812000266,9.262066223532392,11.206942100133416,5.369605176089993,26.932835820895523,0.0,10.5
30.9779946788796,77.66797812000266,9.262066223532392,11.206942100133416,5.369605176089993,26.932835820895523,0.0,10.86666667
30.9779946788796,77.66797812000266,9.262066223532392,11.206942100133416,5.369605176089993,26.932835820895523,1.0,32.6
30.9779946788796,77.66797812000266,9.262066223532392,11.206942100133416,5.369605176089993,26.932835820895523,1.0,24.1
30.9779946788796,77.66797812000266,9.262066223532392,11.206942100133416,5.369605176089993,26.932835820895523,1.0,29.6
30.9779946788796,77.66797812000266,9.262066223532392,11.206942100133416,5.369605176089993,26.932835820895523,1.0,28.76666667
30.9779946788796,77.66797812000266,9.262066223532392,11.206942100133416,5.369605176089993,26.932835820895523,2.0,55.6
30.9779946788796,77.66797812000266,9.262066223532392,11.206942100133416,5.369605176089993,26.932835820895523,2.0,62.6
30.9779946788796,77.66797812000266,9.262066223532392,11.206942100133416,5.369605176089993,26.932835820895523,2.0,53.2
30.9779946788796,77.66797812000266,9.262066223532392,11.206942100133416,5.369605176089993,26.932835820895523,2.0,57.13333333
30.9779946788796,77.66797812000266,9.262066223532392,11.206942100133416,5.369605176089993,26.932835820895523,3.0,79.6
30.9779946788796,77.66797812000266,9.262066223532392,11.206942100133416,5.369605176089993,26.932835820895523,3.0,74.6
30.9779946788796,77.66797812000266,9.262066223532392,11.206942100133416,5.369605176089993,26.932835820895523,3.0,88.6
30.9779946788796,77.66797812000266,9.262066223532392,11.206942100133416,5.369605176089993,26.932835820895523,3.0,80.93333333
30.9779946788796,77.66797812000266,9.262066223532392,11.206942100133416,5.369605176089993,26.932835820895523,4.0,100.4
30.9779946788796,77.66797812000266,9.262066223532392,11.206942100133416,5.369605176089993,26.932835820895523,4.0,91.6
30.9779946788796,77.66797812000266,9.262066223532392,11.206942100133416,5.369605176089993,26.932835820895523,4.0,88.9
30.9779946788796,77.66797812000266,9.262066223532392,11.206942100133416,5.369605176089993,26.932835820895523,4.0,93.63333333
30.9779946788796,77.66797812000266,9.262066223532392,11.206942100133416,5.369605176089993,26.932835820895523,5.0,129.3
30.9779946788796,77.66797812000266,9.262066223532392,11.206942100133416,5.369605176089993,26.932835820895523,5.0,123.6
30.9779946788796,77.66797812000266,9.262066223532392,11.206942100133416,5.369605176089993,26.932835820895523,5.0,111.5
30.9779946788796,77.66797812000266,9.262066223532392,11.206942100133416,5.369605176089993,26.932835820895523,5.0,121.4666667
31.602280466180098,76.1986019736842,7.928272075092193,9.110261447832364,7.111680485866451,27.5,0.0,13.5
31.602280466180098,76.1986019736842,7.928272075092193,9.110261447832364,7.111680485866451,27.5,0.0,8.6
31.602280466180098,76.1986019736842,7.928272075092193,9.110261447832364,7.111680485866451,27.5,0.0,10.5
31.602280466180098,76.1986019736842,7.928272075092193,9.110261447832364,7.111680485866451,27.5,0.0,10.86666667
31.602280466180098,76.1986019736842,7.928272075092193,9.110261447832364,7.111680485866451,27.5,1.0,32.6
31.602280466180098,76.1986019736842,7.928272075092193,9.110261447832364,7.111680485866451,27.5,1.0,24.1
31.602280466180098,76.1986019736842,7.928272075092193,9.110261447832364,7.111680485866451,27.5,1.0,29.6
31.602280466180098,76.1986019736842,7.928272075092193,9.110261447832364,7.111680485866451,27.5,1.0,28.76666667
31.602280466180098,76.1986019736842,7.928272075092193,9.110261447832364,7.111680485866451,27.5,2.0,55.6
31.602280466180098,76.1986019736842,7.928272075092193,9.110261447832364,7.111680485866451,27.5,2.0,62.6
31.602280466180098,76.1986019736842,7.928272075092193,9.110261447832364,7.111680485866451,27.5,2.0,53.2
31.602280466180098,76.1986019736842,7.928272075092193,9.110261447832364,7.111680485866451,27.5,2.0,57.13333333
31.602280466180098,76.1986019736842,7.928272075092193,9.110261447832364,7.111680485866451,27.5,3.0,79.6
31.602280466180098,76.1986019736842,7.928272075092193,9.110261447832364,7.111680485866451,27.5,3.0,74.6
31.602280466180098,76.1986019736842,7.928272075092193,9.110261447832364,7.111680485866451,27.5,3.0,88.6
31.602280466180098,76.1986019736842,7.928272075092193,9.110261447832364,7.111680485866451,27.5,3.0,80.93333333
31.602280466180098,76.1986019736842,7.928272075092193,9.110261447832364,7.111680485866451,27.5,4.0,100.4
31.602280466180098,76.1986019736842,7.928272075092193,9.110261447832364,7.111680485866451,27.5,4.0,91.6
31.602280466180098,76.1986019736842,7.928272075092193,9.110261447832364,7.111680485866451,27.5,4.0,88.9
31.602280466180098,76.1986019736842,7.928272075092193,9.110261447832364,7.111680485866451,27.5,4.0,93.63333333
31.602280466180098,76.1986019736842,7.928272075092193,9.110261447832364,7.111680485866451,27.5,5.0,129.3
31.602280466180098,76.1986019736842,7.928272075092193,9.110261447832364,7.111680485866451,27.5,5.0,123.6
31.602280466180098,76.1986019736842,7.928272075092193,9.110261447832364,7.111680485866451,27.5,5.0,111.5
31.602280466180098,76.1986019736842,7.928272075092193,9.110261447832364,7.111680485866451,27.5,5.0,121.4666667
31.781089089133523,75.1193968717717,7.982162420283835,9.923648795587528,7.063888004142472,27.512396694214875,0.0,13.5
31.781089089133523,75.1193968717717,7.982162420283835,9.923648795587528,7.063888004142472,27.512396694214875,0.0,8.6
31.781089089133523,75.1193968717717,7.982162420283835,9.923648795587528,7.063888004142472,27.512396694214875,0.0,10.5
31.781089089133523,75.1193968717717,7.982162420283835,9.923648795587528,7.063888004142472,27.512396694214875,0.0,10.86666667
31.781089089133523,75.1193968717717,7.982162420283835,9.923648795587528,7.063888004142472,27.512396694214875,1.0,32.6
31.781089089133523,75.1193968717717,7.982162420283835,9.923648795587528,7.063888004142472,27.512396694214875,1.0,24.1
31.781089089133523,75.1193968717717,7.982162420283835,9.923648795587528,7.063888004142472,27.512396694214875,1.0,29.6
31.781089089133523,75.1193968717717,7.982162420283835,9.923648795587528,7.063888004142472,27.512396694214875,1.0,28.76666667
31.781089089133523,75.1193968717717,7.982162420283835,9.923648795587528,7.063888004142472,27.512396694214875,2.0,55.6
31.781089089133523,75.1193968717717,7.982162420283835,9.923648795587528,7.063888004142472,27.512396694214875,2.0,62.6
31.781089089133523,75.1193968717717,7.982162420283835,9.923648795587528,7.063888004142472,27.512396694214875,2.0,53.2
31.781089089133523,75.1193968717717,7.982162420283835,9.923648795587528,7.063888004142472,27.512396694214875,2.0,57.13333333
31.781089089133523,75.1193968717717,7.982162420283835,9.923648795587528,7.063888004142472,27.512396694214875,3.0,79.6
31.781089089133523,75.1193968717717,7.982162420283835,9.923648795587528,7.063888004142472,27.512396694214875,3.0,74.6
31.781089089133523,75.1193968717717,7.982162420283835,9.923648795587528,7.063888004142472,27.512396694214875,3.0,88.6
31.781089089133523,75.1193968717717,7.982162420283835,9.923648795587528,7.063888004142472,27.512396694214875,3.0,80.93333333
31.781089089133523,75.1193968717717,7.982162420283835,9.923648795587528,7.063888004142472,27.512396694214875,4.0,100.4
31.781089089133523,75.1193968717717,7.982162420283835,9.923648795587528,7.063888004142472,27.512396694214875,4.0,91.6
31.781089089133523,75.1193968717717,7.982162420283835,9.923648795587528,7.063888004142472,27.512396694214875,4.0,88.9
31.781089089133523,75.1193968717717,7.982162420283835,9.923648795587528,7.063888004142472,27.512396694214875,4.0,93.63333333
31.781089089133523,75.1193968717717,7.982162420283835,9.923648795587528,7.063888004142472,27.512396694214875,5.0,129.3
31.781089089133523,75.1193968717717,7.982162420283835,9.923648795587528,7.063888004142472,27.512396694214875,5.0,123.6
31.781089089133523,75.1193968717717,7.982162420283835,9.923648795587528,7.063888004142472,27.512396694214875,5.0,111.5
31.781089089133523,75.1193968717717,7.982162420283835,9.923648795587528,7.063888004142472,27.512396694214875,5.0,121.4666667
33.72419125565859,70.42769672714661,8.824187131349042,10.257502525254926,5.53370341583835,29.30841121495327,0.0,13.5
33.72419125565859,70.42769672714661,8.824187131349042,10.257502525254926,5.53370341583835,29.30841121495327,0.0,8.6
33.72419125565859,70.42769672714661,8.824187131349042,10.257502525254926,5.53370341583835,29.30841121495327,0.0,10.5
33.72419125565859,70.42769672714661,8.824187131349042,10.257502525254926,5.53370341583835,29.30841121495327,0.0,10.86666667
33.72419125565859,70.42769672714661,8.824187131349042,10.257502525254926,5.53370341583835,29.30841121495327,1.0,32.6
33.72419125565859,70.42769672714661,8.824187131349042,10.257502525254926,5.53370341583835,29.30841121495327,1.0,24.1
33.72419125565859,70.42769672714661,8.824187131349042,10.257502525254926,5.53370341583835,29.30841121495327,1.0,29.6
33.72419125565859,70.42769672714661,8.824187131349042,10.257502525254926,5.53370341583835,29.30841121495327,1.0,28.76666667
33.72419125565859,70.42769672714661,8.824187131349042,10.257502525254926,5.53370341583835,29.30841121495327,2.0,55.6
33.72419125565859,70.42769672714661,8.824187131349042,10.257502525254926,5.53370341583835,29.30841121495327,2.0,62.6
33.72419125565859,70.42769672714661,8.824187131349042,10.257502525254926,5.53370341583835,29.30841121495327,2.0,53.2
33.72419125565859,70.42769672714661,8.824187131349042,10.257502525254926,5.53370341583835,29.30841121495327,2.0,57.13333333
33.72419125565859,70.42769672714661,8.824187131349042,10.257502525254926,5.53370341583835,29.30841121495327,3.0,79.6
33.72419125565859,70.42769672714661,8.824187131349042,10.257502525254926,5.53370341583835,29.30841121495327,3.0,74.6
33.72419125565859,70.42769672714661,8.824187131349042,10.257502525254926,5.53370341583835,29.30841121495327,3.0,88.6
33.72419125565859,70.42769672714661,8.824187131349042,10.257502525254926,5.53370341583835,29.30841121495327,3.0,80.93333333
33.72419125565859,70.42769672714661,8.824187131349042,10.257502525254926,5.53370341583835,29.30841121495327,4.0,100.4
33.72419125565859,70.42769672714661,8.824187131349042,10.257502525254926,5.53370341583835,29.30841121495327,4.0,91.6
33.72419125565859,70.42769672714661,8.824187131349042,10.257502525254926,5.53370341583835,29.30841121495327,4.0,88.9
33.72419125565859,70.42769672714661,8.824187131349042,10.257502525254926,5.53370341583835,29.30841121495327,4.0,93.63333333
33.72419125565859,70.42769672714661,8.824187131349042,10.257502525254926,5.53370341583835,29.30841121495327,5.0,129.3
33.72419125565859,70.42769672714661,8.824187131349042,10.257502525254926,5.53370341583835,29.30841121495327,5.0,123.6
33.72419125565859,70.42769672714661,8.824187131349042,10.257502525254926,5.53370341583835,29.30841121495327,5.0,111.5
33.72419125565859,70.42769672714661,8.824187131349042,10.257502525254926,5.53370341583835,29.30841121495327,5.0,121.4666667
36.7501651539522,63.00551470588236,8.335803710851476,8.666783321086772,7.313871322700817,30.647058823529413,0.0,13.5
36.7501651539522,63.00551470588236,8.335803710851476,8.666783321086772,7.313871322700817,30.647058823529413,0.0,8.6
36.7501651539522,63.00551470588236,8.335803710851476,8.666783321086772,7.313871322700817,30.647058823529413,0.0,10.5
36.7501651539522,63.00551470588236,8.335803710851476,8.666783321086772,7.313871322700817,30.647058823529413,0.0,10.86666667
36.7501651539522,63.00551470588236,8.335803710851476,8.666783321086772,7.313871322700817,30.647058823529413,1.0,32.6
36.7501651539522,63.00551470588236,8.335803710851476,8.666783321086772,7.313871322700817,30.647058823529413,1.0,24.1
36.7501651539522,63.00551470588236,8.335803710851476,8.666783321086772,7.313871322700817,30.647058823529413,1.0,29.6
36.7501651539522,63.00551470588236,8.335803710851476,8.666783321086772,7.313871322700817,30.647058823529413,1.0,28.76666667
36.7501651539522,63.00551470588236,8.335803710851476,8.666783321086772,7.313871322700817,30.647058823529413,2.0,55.6
36.7501651539522,63.00551470588236,8.335803710851476,8.666783321086772,7.313871322700817,30.647058823529413,2.0,62.6
36.7501651539522,63.00551470588236,8.335803710851476,8.666783321086772,7.313871322700817,30.647058823529413,2.0,53.2
36.7501651539522,63.00551470588236,8.335803710851476,8.666783321086772,7.313871322700817,30.647058823529413,2.0,57.13333333
36.7501651539522,63.00551470588236,8.335803710851476,8.666783321086772,7.313871322700817,30.647058823529413,3.0,79.6
36.7501651539522,63.00551470588236,8.335803710851476,8.666783321086772,7.313871322700817,30.647058823529413,3.0,74.6
36.7501651539522,63.00551470588236,8.335803710851476,8.666783321086772,7.313871322700817,30.647058823529413,3.0,88.6
36.7501651539522,63.00551470588236,8.335803710851476,8.666783321086772,7.313871322700817,30.647058823529413,3.0,80.93333333
36.7501651539522,63.00551470588236,8.335803710851476,8.666783321086772,7.313871322700817,30.647058823529413,4.0,100.4
36.7501651539522,63.00551470588236,8.335803710851476,8.666783321086772,7.313871322700817,30.647058823529413,4.0,91.6
36.7501651539522,63.00551470588236,8.335803710851476,8.666783321086772,7.313871322700817,30.647058823529413,4.0,88.9
36.7501651539522,63.00551470588236,8.335803710851476,8.666783321086772,7.313871322700817,30.647058823529413,4.0,93.63333333
36.7501651539522,63.00551470588236,8.335803710851476,8.666783321086772,7.313871322700817,30.647058823529413,5.0,129.3
36.7501651539522,63.00551470588236,8.335803710851476,8.666783321086772,7.313871322700817,30.647058823529413,5.0,123.6
36.7501651539522,63.00551470588236,8.335803710851476,8.666783321086772,7.313871322700817,30.647058823529413,5.0,111.5
36.7501651539522,63.00551470588236,8.335803710851476,8.666783321086772,7.313871322700817,30.647058823529413,5.0,121.4666667
37.8784550847234,60.23136173282658,7.539395657906247,8.857773006196641,6.662593628110868,32.468468468468465,0.0,13.5
37.8784550847234,60.23136173282658,7.539395657906247,8.857773006196641,6.662593628110868,32.468468468468465,0.0,8.6
37.8784550847234,60.23136173282658,7.539395657906247,8.857773006196641,6.662593628110868,32.468468468468465,0.0,10.5
37.8784550847234,60.23136173282658,7.539395657906247,8.857773006196641,6.662593628110868,32.468468468468465,0.0,10.86666667
37.8784550847234,60.23136173282658,7.539395657906247,8.857773006196641,6.662593628110868,32.468468468468465,1.0,32.6
37.8784550847234,60.23136173282658,7.539395657906247,8.857773006196641,6.662593628110868,32.468468468468465,1.0,24.1
37.8784550847234,60.23136173282658,7.539395657906247,8.857773006196641,6.662593628110868,32.468468468468465,1.0,29.6
37.8784550847234,60.23136173282658,7.539395657906247,8.857773006196641,6.662593628110868,32.468468468468465,1.0,28.76666667
37.8784550847234,60.23136173282658,7.539395657906247,8.857773006196641,6.662593628110868,32.468468468468465,2.0,55.6
37.8784550847234,60.23136173282658,7.539395657906247,8.857773006196641,6.662593628110868,32.468468468468465,2.0,62.6
37.8784550847234,60.23136173282658,7.539395657906247,8.857773006196641,6.662593628110868,32.468468468468465,2.0,53.2
37.8784550847234,60.23136173282658,7.539395657906247,8.857773006196641,6.662593628110868,32.468468468468465,2.0,57.13333333
37.8784550847234,60.23136173282658,7.539395657906247,8.857773006196641,6.662593628110868,32.468468468468465,3.0,79.6
37.8784550847234,60.23136173282658,7.539395657906247,8.857773006196641,6.662593628110868,32.468468468468465,3.0,74.6
37.8784550847234,60.23136173282658,7.539395657906247,8.857773006196641,6.662593628110868,32.468468468468465,3.0,88.6
37.8784550847234,60.23136173282658,7.539395657906247,8.857773006196641,6.662593628110868,32.468468468468465,3.0,80.93333333
37.8784550847234,60.23136173282658,7.539395657906247,8.857773006196641,6.662593628110868,32.468468468468465,4.0,100.4
37.8784550847234,60.23136173282658,7.539395657906247,8.857773006196641,6.662593628110868,32.468468468468465,4.0,91.6
37.8784550847234,60.23136173282658,7.539395657906247,8.857773006196641,6.662593628110868,32.468468468468465,4.0,88.9
37.8784550847234,60.23136173282658,7.539395657906247,8.857773006196641,6.662593628110868,32.468468468468465,4.0,93.63333333
37.8784550847234,60.23136173282658,7.539395657906247,8.857773006196641,6.662593628110868,32.468468468468465,5.0,129.3
37.8784550847234,60.23136173282658,7.539395657906247,8.857773006196641,6.662593628110868,32.468468468468465,5.0,123.6
37.8784550847234,60.23136173282658,7.539395657906247,8.857773006196641,6.662593628110868,32.468468468468465,5.0,111.5
37.8784550847234,60.23136173282658,7.539395657906247,8.857773006196641,6.662593628110868,32.468468468468465,5.0,121.4666667
38.572845458984375,56.19146173650568,7.03898892300949,8.019862604843349,6.780769151965907,33.29545454545455,0.0,13.5
38.572845458984375,56.19146173650568,7.03898892300949,8.019862604843349,6.780769151965907,33.29545454545455,0.0,8.6
38.572845458984375,56.19146173650568,7.03898892300949,8.019862604843349,6.780769151965907,33.29545454545455,0.0,10.5
38.572845458984375,56.19146173650568,7.03898892300949,8.019862604843349,6.780769151965907,33.29545454545455,0.0,10.86666667
38.572845458984375,56.19146173650568,7.03898892300949,8.019862604843349,6.780769151965907,33.29545454545455,1.0,32.6
38.572845458984375,56.19146173650568,7.03898892300949,8.019862604843349,6.780769151965907,33.29545454545455,1.0,24.1
38.572845458984375,56.19146173650568,7.03898892300949,8.019862604843349,6.780769151965907,33.29545454545455,1.0,29.6
38.572845458984375,56.19146173650568,7.03898892300949,8.019862604843349,6.780769151965907,33.29545454545455,1.0,28.76666667
38.572845458984375,56.19146173650568,7.03898892300949,8.019862604843349,6.780769151965907,33.29545454545455,2.0,55.6
38.572845458984375,56.19146173650568,7.03898892300949,8.019862604843349,6.780769151965907,33.29545454545455,2.0,62.6
38.572845458984375,56.19146173650568,7.03898892300949,8.019862604843349,6.780769151965907,33.29545454545455,2.0,53.2
38.572845458984375,56.19146173650568,7.03898892300949,8.019862604843349,6.780769151965907,33.29545454545455,2.0,57.13333333
38.572845458984375,56.19146173650568,7.03898892300949,8.019862604843349,6.780769151965907,33.29545454545455,3.0,79.6
38.572845458984375,56.19146173650568,7.03898892300949,8.019862604843349,6.780769151965907,33.29545454545455,3.0,74.6
38.572845458984375,56.19146173650568,7.03898892300949,8.019862604843349,6.780769151965907,33.29545454545455,3.0,88.6
38.572845458984375,56.19146173650568,7.03898892300949,8.019862604843349,6.780769151965907,33.29545454545455,3.0,80.93333333
38.572845458984375,56.19146173650568,7.03898892300949,8.019862604843349,6.780769151965907,33.29545454545455,4.0,100.4
38.572845458984375,56.19146173650568,7.03898892300949,8.019862604843349,6.780769151965907,33.29545454545455,4.0,91.6
38.572845458984375,56.19146173650568,7.03898892300949,8.019862604843349,6.780769151965907,33.29545454545455,4.0,88.9
38.572845458984375,56.19146173650568,7.03898892300949,8.019862604843349,6.780769151965907,33.29545454545455,4.0,93.63333333
38.572845458984375,56.19146173650568,7.03898892300949,8.019862604843349,6.780769151965907,33.29545454545455,5.0,129.3
38.572845458984375,56.19146173650568,7.03898892300949,8.019862604843349,6.780769151965907,33.29545454545455,5.0,123.6
38.572845458984375,56.19146173650568,7.03898892300949,8.019862604843349,6.780769151965907,33.29545454545455,5.0,111.5
38.572845458984375,56.19146173650568,7.03898892300949,8.019862604843349,6.780769151965907,33.29545454545455,5.0,121.4666667
30.996627807617188,77.47690242572422,8.119265694272428,9.580596417947625,6.816695702528013,26.79014598540146,0.0,13.5
30.996627807617188,77.47690242572422,8.119265694272428,9.580596417947625,6.816695702528013,26.79014598540146,0.0,8.6
30.996627807617188,77.47690242572422,8.119265694272428,9.580596417947625,6.816695702528013,26.79014598540146,0.0,10.5
30.996627807617188,77.47690242572422,8.119265694272428,9.580596417947625,6.816695702528013,26.79014598540146,0.0,10.86666667
30.996627807617188,77.47690242572422,8.119265694272428,9.580596417947625,6.816695702528013,26.79014598540146,1.0,32.6
30.996627807617188,77.47690242572422,8.119265694272428,9.580596417947625,6.816695702528013,26.79014598540146,1.0,24.1
30.996627807617188,77.47690242572422,8.119265694272428,9.580596417947625,6.816695702528013,26.79014598540146,1.0,29.6
30.996627807617188,77.47690242572422,8.119265694272428,9.580596417947625,6.816695702528013,26.79014598540146,1.0,28.76666667
30.996627807617188,77.47690242572422,8.119265694272428,9.580596417947625,6.816695702528013,26.79014598540146,2.0,55.6
30.996627807617188,77.47690242572422,8.119265694272428,9.580596417947625,6.816695702528013,26.79014598540146,2.0,62.6
30.996627807617188,77.47690242572422,8.119265694272428,9.580596417947625,6.816695702528013,26.79014598540146,2.0,53.2
30.996627807617188,77.47690242572422,8.119265694272428,9.580596417947625,6.816695702528013,26.79014598540146,2.0,57.13333333
30.996627807617188,77.47690242572422,8.119265694272428,9.580596417947625,6.816695702528013,26.79014598540146,3.0,79.6
30.996627807617188,77.47690242572422,8.119265694272428,9.580596417947625,6.816695702528013,26.79014598540146,3.0,74.6
30.996627807617188,77.47690242572422,8.119265694272428,9.580596417947625,6.816695702528013,26.79014598540146,3.0,88.6
30.996627807617188,77.47690242572422,8.119265694272428,9.580596417947625,6.816695702528013,26.79014598540146,3.0,80.93333333
30.996627807617188,77.47690242572422,8.119265694272428,9.580596417947625,6.816695702528013,26.79014598540146,4.0,100.4
30.996627807617188,77.47690242572422,8.119265694272428,9.580596417947625,6.816695702528013,26.79014598540146,4.0,91.6
30.996627807617188,77.47690242572422,8.119265694272428,9.580596417947625,6.816695702528013,26.79014598540146,4.0,88.9
30.996627807617188,77.47690242572422,8.119265694272428,9.580596417947625,6.816695702528013,26.79014598540146,4.0,93.63333333
30.996627807617188,77.47690242572422,8.119265694272428,9.580596417947625,6.816695702528013,26.79014598540146,5.0,129.3
30.996627807617188,77.47690242572422,8.119265694272428,9.580596417947625,6.816695702528013,26.79014598540146,5.0,123.6
30.996627807617188,77.47690242572422,8.119265694272428,9.580596417947625,6.816695702528013,26.79014598540146,5.0,111.5
30.996627807617188,77.47690242572422,8.119265694272428,9.580596417947625,6.816695702528013,26.79014598540146,5.0,121.4666667
29.463780877048983,78.75477609458876,8.425044675608813,9.271239041950258,7.258423657171778,25.833588957055216,0.0,13.5
29.463780877048983,78.75477609458876,8.425044675608813,9.271239041950258,7.258423657171778,25.833588957055216,0.0,8.6
29.463780877048983,78.75477609458876,8.425044675608813,9.271239041950258,7.258423657171778,25.833588957055216,0.0,10.5
29.463780877048983,78.75477609458876,8.425044675608813,9.271239041950258,7.258423657171778,25.833588957055216,0.0,10.86666667
29.463780877048983,78.75477609458876,8.425044675608813,9.271239041950258,7.258423657171778,25.833588957055216,1.0,32.6
29.463780877048983,78.75477609458876,8.425044675608813,9.271239041950258,7.258423657171778,25.833588957055216,1.0,24.1
29.463780877048983,78.75477609458876,8.425044675608813,9.271239041950258,7.258423657171778,25.833588957055216,1.0,29.6
29.463780877048983,78.75477609458876,8.425044675608813,9.271239041950258,7.258423657171778,25.833588957055216,1.0,28.76666667
29.463780877048983,78.75477609458876,8.425044675608813,9.271239041950258,7.258423657171778,25.833588957055216,2.0,55.6
29.463780877048983,78.75477609458876,8.425044675608813,9.271239041950258,7.258423657171778,25.833588957055216,2.0,62.6
29.463780877048983,78.75477609458876,8.425044675608813,9.271239041950258,7.258423657171778,25.833588957055216,2.0,53.2
29.463780877048983,78.75477609458876,8.425044675608813,9.271239041950258,7.258423657171778,25.833588957055216,2.0,57.13333333
29.463780877048983,78.75477609458876,8.425044675608813,9.271239041950258,7.258423657171778,25.833588957055216,3.0,79.6
29.463780877048983,78.75477609458876,8.425044675608813,9.271239041950258,7.258423657171778,25.833588957055216,3.0,74.6
29.463780877048983,78.75477609458876,8.425044675608813,9.271239041950258,7.258423657171778,25.833588957055216,3.0,88.6
29.463780877048983,78.75477609458876,8.425044675608813,9.271239041950258,7.258423657171778,25.833588957055216,3.0,80.93333333
29.463780877048983,78.75477609458876,8.425044675608813,9.271239041950258,7.258423657171778,25.833588957055216,4.0,100.4
29.463780877048983,78.75477609458876,8.425044675608813,9.271239041950258,7.258423657171778,25.833588957055216,4.0,91.6
29.463780877048983,78.75477609458876,8.425044675608813,9.271239041950258,7.258423657171778,25.833588957055216,4.0,88.9
29.463780877048983,78.75477609458876,8.425044675608813,9.271239041950258,7.258423657171778,25.833588957055216,4.0,93.63333333
29.463780877048983,78.75477609458876,8.425044675608813,9.271239041950258,7.258423657171778,25.833588957055216,5.0,129.3
29.463780877048983,78.75477609458876,8.425044675608813,9.271239041950258,7.258423657171778,25.833588957055216,5.0,123.6
29.463780877048983,78.75477609458876,8.425044675608813,9.271239041950258,7.258423657171778,25.833588957055216,5.0,111.5
29.463780877048983,78.75477609458876,8.425044675608813,9.271239041950258,7.258423657171778,25.833588957055216,5.0,121.4666667
29.602630193332374,77.93547224522369,7.82965489878737,8.925282620442777,7.605766963811854,26.547619047619047,0.0,13.5
29.602630193332374,77.93547224522369,7.82965489878737,8.925282620442777,7.605766963811854,26.547619047619047,0.0,8.6
29.602630193332374,77.93547224522369,7.82965489878737,8.925282620442777,7.605766963811854,26.547619047619047,0.0,10.5
29.602630193332374,77.93547224522369,7.82965489878737,8.925282620442777,7.605766963811854,26.547619047619047,0.0,10.86666667
29.602630193332374,77.93547224522369,7.82965489878737,8.925282620442777,7.605766963811854,26.547619047619047,1.0,32.6
29.602630193332374,77.93547224522369,7.82965489878737,8.925282620442777,7.605766963811854,26.547619047619047,1.0,24.1
29.602630193332374,77.93547224522369,7.82965489878737,8.925282620442777,7.605766963811854,26.547619047619047,1.0,29.6
29.602630193332374,77.93547224522369,7.82965489878737,8.925282620442777,7.605766963811854,26.547619047619047,1.0,28.76666667
29.602630193332374,77.93547224522369,7.82965489878737,8.925282620442777,7.605766963811854,26.547619047619047,2.0,55.6
29.602630193332374,77.93547224522369,7.82965489878737,8.925282620442777,7.605766963811854,26.547619047619047,2.0,62.6
29.602630193332374,77.93547224522369,7.82965489878737,8.925282620442777,7.605766963811854,26.547619047619047,2.0,53.2
29.602630193332374,77.93547224522369,7.82965489878737,8.925282620442777,7.605766963811854,26.547619047619047,2.0,57.13333333
29.602630193332374,77.93547224522369,7.82965489878737,8.925282620442777,7.605766963811854,26.547619047619047,3.0,79.6
29.602630193332374,77.93547224522369,7.82965489878737,8.925282620442777,7.605766963811854,26.547619047619047,3.0,74.6
29.602630193332374,77.93547224522369,7.82965489878737,8.925282620442777,7.605766963811854,26.547619047619047,3.0,88.6
29.602630193332374,77.93547224522369,7.82965489878737,8.925282620442777,7.605766963811854,26.547619047619047,3.0,80.93333333
29.602630193332374,77.93547224522369,7.82965489878737,8.925282620442777,7.605766963811854,26.547619047619047,4.0,100.4
29.602630193332374,77.93547224522369,7.82965489878737,8.925282620442777,7.605766963811854,26.547619047619047,4.0,91.6
29.602630193332374,77.93547224522369,7.82965489878737,8.925282620442777,7.605766963811854,26.547619047619047,4.0,88.9
29.602630193332374,77.93547224522369,7.82965489878737,8.925282620442777,7.605766963811854,26.547619047619047,4.0,93.63333333
29.602630193332374,77.93547224522369,7.82965489878737,8.925282620442777,7.605766963811854,26.547619047619047,5.0,129.3
29.602630193332374,77.93547224522369,7.82965489878737,8.925282620442777,7.605766963811854,26.547619047619047,5.0,123.6
29.602630193332374,77.93547224522369,7.82965489878737,8.925282620442777,7.605766963811854,26.547619047619047,5.0,111.5
29.602630193332374,77.93547224522369,7.82965489878737,8.925282620442777,7.605766963811854,26.547619047619047,5.0,121.4666667
30.752722356737276,73.88459825024162,7.99664427222672,9.029903729075412,7.19726340589559,27.02319587628866,0.0,13.5
30.752722356737276,73.88459825024162,7.99664427222672,9.029903729075412,7.19726340589559,27.02319587628866,0.0,8.6
30.752722356737276,73.88459825024162,7.99664427222672,9.029903729075412,7.19726340589559,27.02319587628866,0.0,10.5
30.752722356737276,73.88459825024162,7.99664427222672,9.029903729075412,7.19726340589559,27.02319587628866,0.0,10.86666667
30.752722356737276,73.88459825024162,7.99664427222672,9.029903729075412,7.19726340589559,27.02319587628866,1.0,32.6
30.752722356737276,73.88459825024162,7.99664427222672,9.029903729075412,7.19726340589559,27.02319587628866,1.0,24.1
30.752722356737276,73.88459825024162,7.99664427222672,9.029903729075412,7.19726340589559,27.02319587628866,1.0,29.6
30.752722356737276,73.88459825024162,7.99664427222672,9.029903729075412,7.19726340589559,27.02319587628866,1.0,28.76666667
30.752722356737276,73.88459825024162,7.99664427222672,9.029903729075412,7.19726340589559,27.02319587628866,2.0,55.6
30.752722356737276,73.88459825024162,7.99664427222672,9.029903729075412,7.19726340589559,27.02319587628866,2.0,62.6
30.752722356737276,73.88459825024162,7.99664427222672,9.029903729075412,7.19726340589559,27.02319587628866,2.0,53.2
30.752722356737276,73.88459825024162,7.99664427222672,9.029903729075412,7.19726340589559,27.02319587628866,2.0,57.13333333
30.752722356737276,73.88459825024162,7.99664427222672,9.029903729075412,7.19726340589559,27.02319587628866,3.0,79.6
30.752722356737276,73.88459825024162,7.99664427222672,9.029903729075412,7.19726340589559,27.02319587628866,3.0,74.6
30.752722356737276,73.88459825024162,7.99664427222672,9.029903729075412,7.19726340589559,27.02319587628866,3.0,88.6
30.752722356737276,73.88459825024162,7.99664427222672,9.029903729075412,7.19726340589559,27.02319587628866,3.0,80.93333333
30.752722356737276,73.88459825024162,7.99664427222672,9.029903729075412,7.19726340589559,27.02319587628866,4.0,100.4
30.752722356737276,73.88459825024162,7.99664427222672,9.029903729075412,7.19726340589559,27.02319587628866,4.0,91.6
30.752722356737276,73.88459825024162,7.99664427222672,9.029903729075412,7.19726340589559,27.02319587628866,4.0,88.9
30.752722356737276,73.88459825024162,7.99664427222672,9.029903729075412,7.19726340589559,27.02319587628866,4.0,93.63333333
30.752722356737276,73.88459825024162,7.99664427222672,9.029903729075412,7.19726340589559,27.02319587628866,5.0,129.3
30.752722356737276,73.88459825024162,7.99664427222672,9.029903729075412,7.19726340589559,27.02319587628866,5.0,123.6
30.752722356737276,73.88459825024162,7.99664427222672,9.029903729075412,7.19726340589559,27.02319587628866,5.0,111.5
30.752722356737276,73.88459825024162,7.99664427222672,9.029903729075412,7.19726340589559,27.02319587628866,5.0,121.4666667
31.421393177991995,71.67022330629314,8.177765989284884,9.417534569398695,6.887838394648458,27.392638036809817,0.0,13.5
31.421393177991995,71.67022330629314,8.177765989284884,9.417534569398695,6.887838394648458,27.392638036809817,0.0,8.6
31.421393177991995,71.67022330629314,8.177765989284884,9.417534569398695,6.887838394648458,27.392638036809817,0.0,10.5
31.421393177991995,71.67022330629314,8.177765989284884,9.417534569398695,6.887838394648458,27.392638036809817,0.0,10.86666667
31.421393177991995,71.67022330629314,8.177765989284884,9.417534569398695,6.887838394648458,27.392638036809817,1.0,32.6
31.421393177991995,71.67022330629314,8.177765989284884,9.417534569398695,6.887838394648458,27.392638036809817,1.0,24.1
31.421393177991995,71.67022330629314,8.177765989284884,9.417534569398695,6.887838394648458,27.392638036809817,1.0,29.6
31.421393177991995,71.67022330629314,8.177765989284884,9.417534569398695,6.887838394648458,27.392638036809817,1.0,28.76666667
31.421393177991995,71.67022330629314,8.177765989284884,9.417534569398695,6.887838394648458,27.392638036809817,2.0,55.6
31.421393177991995,71.67022330629314,8.177765989284884,9.417534569398695,6.887838394648458,27.392638036809817,2.0,62.6
31.421393177991995,71.67022330629314,8.177765989284884,9.417534569398695,6.887838394648458,27.392638036809817,2.0,53.2
31.421393177991995,71.67022330629314,8.177765989284884,9.417534569398695,6.887838394648458,27.392638036809817,2.0,57.13333333
31.421393177991995,71.67022330629314,8.177765989284884,9.417534569398695,6.887838394648458,27.392638036809817,3.0,79.6
31.421393177991995,71.67022330629314,8.177765989284884,9.417534569398695,6.887838394648458,27.392638036809817,3.0,74.6
31.421393177991995,71.67022330629314,8.177765989284884,9.417534569398695,6.887838394648458,27.392638036809817,3.0,88.6
31.421393177991995,71.67022330629314,8.177765989284884,9.417534569398695,6.887838394648458,27.392638036809817,3.0,80.93333333
31.421393177991995,71.67022330629314,8.177765989284884,9.417534569398695,6.887838394648458,27.392638036809817,4.0,100.4
31.421393177991995,71.67022330629314,8.177765989284884,9.417534569398695,6.887838394648458,27.392638036809817,4.0,91.6
31.421393177991995,71.67022330629314,8.177765989284884,9.417534569398695,6.887838394648458,27.392638036809817,4.0,88.9
31.421393177991995,71.67022330629314,8.177765989284884,9.417534569398695,6.887838394648458,27.392638036809817,4.0,93.63333333
31.421393177991995,71.67022330629314,8.177765989284884,9.417534569398695,6.887838394648458,27.392638036809817,5.0,129.3
31.421393177991995,71.67022330629314,8.177765989284884,9.417534569398695,6.887838394648458,27.392638036809817,5.0,123.6
31.421393177991995,71.67022330629314,8.177765989284884,9.417534569398695,6.887838394648458,27.392638036809817,5.0,111.5
31.421393177991995,71.67022330629314,8.177765989284884,9.417534569398695,6.887838394648458,27.392638036809817,5.0,121.4666667
32.809267205707094,65.72197912654083,8.457431397998013,10.128736145505288,6.249256757765708,28.478428351309702,0.0,13.5
32.809267205707094,65.72197912654083,8.457431397998013,10.128736145505288,6.249256757765708,28.478428351309702,0.0,8.6
32.809267205707094,65.72197912654083,8.457431397998013,10.128736145505288,6.249256757765708,28.478428351309702,0.0,10.5
32.809267205707094,65.72197912654083,8.457431397998013,10.128736145505288,6.249256757765708,28.478428351309702,0.0,10.86666667
32.809267205707094,65.72197912654083,8.457431397998013,10.128736145505288,6.249256757765708,28.478428351309702,1.0,32.6
32.809267205707094,65.72197912654083,8.457431397998013,10.128736145505288,6.249256757765708,28.478428351309702,1.0,24.1
32.809267205707094,65.72197912654083,8.457431397998013,10.128736145505288,6.249256757765708,28.478428351309702,1.0,29.6
32.809267205707094,65.72197912654083,8.457431397998013,10.128736145505288,6.249256757765708,28.478428351309702,1.0,28.76666667
32.809267205707094,65.72197912654083,8.457431397998013,10.128736145505288,6.249256757765708,28.478428351309702,2.0,55.6
32.809267205707094,65.72197912654083,8.457431397998013,10.128736145505288,6.249256757765708,28.478428351309702,2.0,62.6
32.809267205707094,65.72197912654083,8.457431397998013,10.128736145505288,6.249256757765708,28.478428351309702,2.0,53.2
32.809267205707094,65.72197912654083,8.457431397998013,10.128736145505288,6.249256757765708,28.478428351309702,2.0,57.13333333
32.809267205707094,65.72197912654083,8.457431397998013,10.128736145505288,6.249256757765708,28.478428351309702,3.0,79.6
32.809267205707094,65.72197912654083,8.457431397998013,10.128736145505288,6.249256757765708,28.478428351309702,3.0,74.6
32.809267205707094,65.72197912654083,8.457431397998013,10.128736145505288,6.249256757765708,28.478428351309702,3.0,88.6
32.809267205707094,65.72197912654083,8.457431397998013,10.128736145505288,6.249256757765708,28.478428351309702,3.0,80.93333333
32.809267205707094,65.72197912654083,8.457431397998013,10.128736145505288,6.249256757765708,28.478428351309702,4.0,100.4
32.809267205707094,65.72197912654083,8.457431397998013,10.128736145505288,6.249256757765708,28.478428351309702,4.0,91.6
32.809267205707094,65.72197912654083,8.457431397998013,10.128736145505288,6.249256757765708,28.478428351309702,4.0,88.9
32.809267205707094,65.72197912654083,8.457431397998013,10.128736145505288,6.249256757765708,28.478428351309702,4.0,93.63333333
32.809267205707094,65.72197912654083,8.457431397998013,10.128736145505288,6.249256757765708,28.478428351309702,5.0,129.3
32.809267205707094,65.72197912654083,8.457431397998013,10.128736145505288,6.249256757765708,28.478428351309702,5.0,123.6
32.809267205707094,65.72197912654083,8.457431397998013,10.128736145505288,6.249256757765708,28.478428351309702,5.0,111.5
32.809267205707094,65.72197912654083,8.457431397998013,10.128736145505288,6.249256757765708,28.478428351309702,5.0,121.4666667
34.86454625283518,57.91228263608871,8.210435160225655,10.022436001385008,6.112103499167558,29.746774193548383,0.0,13.5
34.86454625283518,57.91228263608871,8.210435160225655,10.022436001385008,6.112103499167558,29.746774193548383,0.0,8.6
34.86454625283518,57.91228263608871,8.210435160225655,10.022436001385008,6.112103499167558,29.746774193548383,0.0,10.5
34.86454625283518,57.91228263608871,8.210435160225655,10.022436001385008,6.112103499167558,29.746774193548383,0.0,10.86666667
34.86454625283518,57.91228263608871,8.210435160225655,10.022436001385008,6.112103499167558,29.746774193548383,1.0,32.6
34.86454625283518,57.91228263608871,8.210435160225655,10.022436001385008,6.112103499167558,29.746774193548383,1.0,24.1
34.86454625283518,57.91228263608871,8.210435160225655,10.022436001385008,6.112103499167558,29.746774193548383,1.0,29.6
34.86454625283518,57.91228263608871,8.210435160225655,10.022436001385008,6.112103499167558,29.746774193548383,1.0,28.76666667
34.86454625283518,57.91228263608871,8.210435160225655,10.022436001385008,6.112103499167558,29.746774193548383,2.0,55.6
34.86454625283518,57.91228263608871,8.210435160225655,10.022436001385008,6.112103499167558,29.746774193548383,2.0,62.6
34.86454625283518,57.91228263608871,8.210435160225655,10.022436001385008,6.112103499167558,29.746774193548383,2.0,53.2
34.86454625283518,57.91228263608871,8.210435160225655,10.022436001385008,6.112103499167558,29.746774193548383,2.0,57.13333333
34.86454625283518,57.91228263608871,8.210435160225655,10.022436001385008,6.112103499167558,29.746774193548383,3.0,79.6
34.86454625283518,57.91228263608871,8.210435160225655,10.022436001385008,6.112103499167558,29.746774193548383,3.0,74.6
34.86454625283518,57.91228263608871,8.210435160225655,10.022436001385008,6.112103499167558,29.746774193548383,3.0,88.6
34.86454625283518,57.91228263608871,8.210435160225655,10.022436001385008,6.112103499167558,29.746774193548383,3.0,80.93333333
34.86454625283518,57.91228263608871,8.210435160225655,10.022436001385008,6.112103499167558,29.746774193548383,4.0,100.4
34.86454625283518,57.91228263608871,8.210435160225655,10.022436001385008,6.112103499167558,29.746774193548383,4.0,91.6
34.86454625283518,57.91228263608871,8.210435160225655,10.022436001385008,6.112103499167558,29.746774193548383,4.0,88.9
34.86454625283518,57.91228263608871,8.210435160225655,10.022436001385008,6.112103499167558,29.746774193548383,4.0,93.63333333
34.86454625283518,57.91228263608871,8.210435160225655,10.022436001385008,6.112103499167558,29.746774193548383,5.0,129.3
34.86454625283518,57.91228263608871,8.210435160225655,10.022436001385008,6.112103499167558,29.746774193548383,5.0,123.6
34.86454625283518,57.91228263608871,8.210435160225655,10.022436001385008,6.112103499167558,29.746774193548383,5.0,111.5
34.86454625283518,57.91228263608871,8.210435160225655,10.022436001385008,6.112103499167558,29.746774193548383,5.0,121.4666667
38.657073974609375,53.18353826349432,6.104380960876401,8.533371390383136,6.294670846394984,34.45454545454545,0.0,13.5
38.657073974609375,53.18353826349432,6.104380960876401,8.533371390383136,6.294670846394984,34.45454545454545,0.0,8.6
38.657073974609375,53.18353826349432,6.104380960876401,8.533371390383136,6.294670846394984,34.45454545454545,0.0,10.5
38.657073974609375,53.18353826349432,6.104380960876401,8.533371390383136,6.294670846394984,34.45454545454545,0.0,10.86666667
38.657073974609375,53.18353826349432,6.104380960876401,8.533371390383136,6.294670846394984,34.45454545454545,1.0,32.6
38.657073974609375,53.18353826349432,6.104380960876401,8.533371390383136,6.294670846394984,34.45454545454545,1.0,24.1
38.657073974609375,53.18353826349432,6.104380960876401,8.533371390383136,6.294670846394984,34.45454545454545,1.0,29.6
38.657073974609375,53.18353826349432,6.104380960876401,8.533371390383136,6.294670846394984,34.45454545454545,1.0,28.76666667
38.657073974609375,53.18353826349432,6.104380960876401,8.533371390383136,6.294670846394984,34.45454545454545,2.0,55.6
38.657073974609375,53.18353826349432,6.104380960876401,8.533371390383136,6.294670846394984,34.45454545454545,2.0,62.6
38.657073974609375,53.18353826349432,6.104380960876401,8.533371390383136,6.294670846394984,34.45454545454545,2.0,53.2
38.657073974609375,53.18353826349432,6.104380960876401,8.533371390383136,6.294670846394984,34.45454545454545,2.0,57.13333333
38.657073974609375,53.18353826349432,6.104380960876401,8.533371390383136,6.294670846394984,34.45454545454545,3.0,79.6
38.657073974609375,53.18353826349432,6.104380960876401,8.533371390383136,6.294670846394984,34.45454545454545,3.0,74.6
38.657073974609375,53.18353826349432,6.104380960876401,8.533371390383136,6.294670846394984,34.45454545454545,3.0,88.6
38.657073974609375,53.18353826349432,6.104380960876401,8.533371390383136,6.294670846394984,34.45454545454545,3.0,80.93333333
38.657073974609375,53.18353826349432,6.104380960876401,8.533371390383136,6.294670846394984,34.45454545454545,4.0,100.4
38.657073974609375,53.18353826349432,6.104380960876401,8.533371390383136,6.294670846394984,34.45454545454545,4.0,91.6
38.657073974609375,53.18353826349432,6.104380960876401,8.533371390383136,6.294670846394984,34.45454545454545,4.0,88.9
38.657073974609375,53.18353826349432,6.104380960876401,8.533371390383136,6.294670846394984,34.45454545454545,4.0,93.63333333
38.657073974609375,53.18353826349432,6.104380960876401,8.533371390383136,6.294670846394984,34.45454545454545,5.0,129.3
38.657073974609375,53.18353826349432,6.104380960876401,8.533371390383136,6.294670846394984,34.45454545454545,5.0,123.6
38.657073974609375,53.18353826349432,6.104380960876401,8.533371390383136,6.294670846394984,34.45454545454545,5.0,111.5
38.657073974609375,53.18353826349432,6.104380960876401,8.533371390383136,6.294670846394984,34.45454545454545,5.0,121.4666667
38.959554036458336,54.514341001157405,5.689445161766709,9.58484084608006,7.8341054599788,33.48148148148148,0.0,13.5
38.959554036458336,54.514341001157405,5.689445161766709,9.58484084608006,7.8341054599788,33.48148148148148,0.0,8.6
38.959554036458336,54.514341001157405,5.689445161766709,9.58484084608006,7.8341054599788,33.48148148148148,0.0,10.5
38.959554036458336,54.514341001157405,5.689445161766709,9.58484084608006,7.8341054599788,33.48148148148148,0.0,10.86666667
38.959554036458336,54.514341001157405,5.689445161766709,9.58484084608006,7.8341054599788,33.48148148148148,1.0,32.6
38.959554036458336,54.514341001157405,5.689445161766709,9.58484084608006,7.8341054599788,33.48148148148148,1.0,24.1
38.959554036458336,54.514341001157405,5.689445161766709,9.58484084608006,7.8341054599788,33.48148148148148,1.0,29.6
38.959554036458336,54.514341001157405,5.689445161766709,9.58484084608006,7.8341054599788,33.48148148148148,1.0,28.76666667
38.959554036458336,54.514341001157405,5.689445161766709,9.58484084608006,7.8341054599788,33.48148148148148,2.0,55.6
38.959554036458336,54.514341001157405,5.689445161766709,9.58484084608006,7.8341054599788,33.48148148148148,2.0,62.6
38.959554036458336,54.514341001157405,5.689445161766709,9.58484084608006,7.8341054599788,33.48148148148148,2.0,53.2
38.959554036458336,54.514341001157405,5.689445161766709,9.58484084608006,7.8341054599788,33.48148148148148,2.0,57.13333333
38.959554036458336,54.514341001157405,5.689445161766709,9.58484084608006,7.8341054599788,33.48148148148148,3.0,79.6
38.959554036458336,54.514341001157405,5.689445161766709,9.58484084608006,7.8341054599788,33.48148148148148,3.0,74.6
38.959554036458336,54.514341001157405,5.689445161766709,9.58484084608006,7.8341054599788,33.48148148148148,3.0,88.6
38.959554036458336,54.514341001157405,5.689445161766709,9.58484084608006,7.8341054599788,33.48148148148148,3.0,80.93333333
38.959554036458336,54.514341001157405,5.689445161766709,9.58484084608006,7.8341054599788,33.48148148148148,4.0,100.4
38.959554036458336,54.514341001157405,5.689445161766709,9.58484084608006,7.8341054599788,33.48148148148148,4.0,91.6
38.959554036458336,54.514341001157405,5.689445161766709,9.58484084608006,7.8341054599788,33.48148148148148,4.0,88.9
38.959554036458336,54.514341001157405,5.689445161766709,9.58484084608006,7.8341054599788,33.48148148148148,4.0,93.63333333
38.959554036458336,54.514341001157405,5.689445161766709,9.58484084608006,7.8341054599788,33.48148148148148,5.0,129.3
38.959554036458336,54.514341001157405,5.689445161766709,9.58484084608006,7.8341054599788,33.48148148148148,5.0,123.6
38.959554036458336,54.514341001157405,5.689445161766709,9.58484084608006,7.8341054599788,33.48148148148148,5.0,111.5
38.959554036458336,54.514341001157405,5.689445161766709,9.58484084608006,7.8341054599788,33.48148148148148,5.0,121.4666667
36.656772452341,60.00183535293794,5.8060545506578425,9.420295682347984,8.069055192094643,32.08450704225352,0.0,13.5
36.656772452341,60.00183535293794,5.8060545506578425,9.420295682347984,8.069055192094643,32.08450704225352,0.0,8.6
36.656772452341,60.00183535293794,5.8060545506578425,9.420295682347984,8.069055192094643,32.08450704225352,0.0,10.5
36.656772452341,60.00183535293794,5.8060545506578425,9.420295682347984,8.069055192094643,32.08450704225352,0.0,10.86666667
36.656772452341,60.00183535293794,5.8060545506578425,9.420295682347984,8.069055192094643,32.08450704225352,1.0,32.6
36.656772452341,60.00183535293794,5.8060545506578425,9.420295682347984,8.069055192094643,32.08450704225352,1.0,24.1
36.656772452341,60.00183535293794,5.8060545506578425,9.420295682347984,8.069055192094643,32.08450704225352,1.0,29.6
36.656772452341,60.00183535293794,5.8060545506578425,9.420295682347984,8.069055192094643,32.08450704225352,1.0,28.76666667
36.656772452341,60.00183535293794,5.8060545506578425,9.420295682347984,8.069055192094643,32.08450704225352,2.0,55.6
36.656772452341,60.00183535293794,5.8060545506578425,9.420295682347984,8.069055192094643,32.08450704225352,2.0,62.6
36.656772452341,60.00183535293794,5.8060545506578425,9.420295682347984,8.069055192094643,32.08450704225352,2.0,53.2
36.656772452341,60.00183535293794,5.8060545506578425,9.420295682347984,8.069055192094643,32.08450704225352,2.0,57.13333333
36.656772452341,60.00183535293794,5.8060545506578425,9.420295682347984,8.069055192094643,32.08450704225352,3.0,79.6
36.656772452341,60.00183535293794,5.8060545506578425,9.420295682347984,8.069055192094643,32.08450704225352,3.0,74.6
36.656772452341,60.00183535293794,5.8060545506578425,9.420295682347984,8.069055192094643,32.08450704225352,3.0,88.6
36.656772452341,60.00183535293794,5.8060545506578425,9.420295682347984,8.069055192094643,32.08450704225352,3.0,80.93333333
36.656772452341,60.00183535293794,5.8060545506578425,9.420295682347984,8.069055192094643,32.08450704225352,4.0,100.4
36.656772452341,60.00183535293794,5.8060545506578425,9.420295682347984,8.069055192094643,32.08450704225352,4.0,91.6
36.656772452341,60.00183535293794,5.8060545506578425,9.420295682347984,8.069055192094643,32.08450704225352,4.0,88.9
36.656772452341,60.00183535293794,5.8060545506578425,9.420295682347984,8.069055192094643,32.08450704225352,4.0,93.63333333
36.656772452341,60.00183535293794,5.8060545506578425,9.420295682347984,8.069055192094643,32.08450704225352,5.0,129.3
36.656772452341,60.00183535293794,5.8060545506578425,9.420295682347984,8.069055192094643,32.08450704225352,5.0,123.6
36.656772452341,60.00183535293794,5.8060545506578425,9.420295682347984,8.069055192094643,32.08450704225352,5.0,111.5
36.656772452341,60.00183535293794,5.8060545506578425,9.420295682347984,8.069055192094643,32.08450704225352,5.0,121.4666667
36.31783416088531,60.67191912757858,5.871700223631518,9.615374654924551,7.975997516862357,31.652259332023576,0.0,13.5
36.31783416088531,60.67191912757858,5.871700223631518,9.615374654924551,7.975997516862357,31.652259332023576,0.0,8.6
36.31783416088531,60.67191912757858,5.871700223631518,9.615374654924551,7.975997516862357,31.652259332023576,0.0,10.5
36.31783416088531,60.67191912757858,5.871700223631518,9.615374654924551,7.975997516862357,31.652259332023576,0.0,10.86666667
36.31783416088531,60.67191912757858,5.871700223631518,9.615374654924551,7.975997516862357,31.652259332023576,1.0,32.6
36.31783416088531,60.67191912757858,5.871700223631518,9.615374654924551,7.975997516862357,31.652259332023576,1.0,24.1
36.31783416088531,60.67191912757858,5.871700223631518,9.615374654924551,7.975997516862357,31.652259332023576,1.0,29.6
36.31783416088531,60.67191912757858,5.871700223631518,9.615374654924551,7.975997516862357,31.652259332023576,1.0,28.76666667
36.31783416088531,60.67191912757858,5.871700223631518,9.615374654924551,7.975997516862357,31.652259332023576,2.0,55.6
36.31783416088531,60.67191912757858,5.871700223631518,9.615374654924551,7.975997516862357,31.652259332023576,2.0,62.6
36.31783416088531,60.67191912757858,5.871700223631518,9.615374654924551,7.975997516862357,31.652259332023576,2.0,53.2
36.31783416088531,60.67191912757858,5.871700223631518,9.615374654924551,7.975997516862357,31.652259332023576,2.0,57.13333333
36.31783416088531,60.67191912757858,5.871700223631518,9.615374654924551,7.975997516862357,31.652259332023576,3.0,79.6
36.31783416088531,60.67191912757858,5.871700223631518,9.615374654924551,7.975997516862357,31.652259332023576,3.0,74.6
36.31783416088531,60.67191912757858,5.871700223631518,9.615374654924551,7.975997516862357,31.652259332023576,3.0,88.6
36.31783416088531,60.67191912757858,5.871700223631518,9.615374654924551,7.975997516862357,31.652259332023576,3.0,80.93333333
36.31783416088531,60.67191912757858,5.871700223631518,9.615374654924551,7.975997516862357,31.652259332023576,4.0,100.4
36.31783416088531,60.67191912757858,5.871700223631518,9.615374654924551,7.975997516862357,31.652259332023576,4.0,91.6
36.31783416088531,60.67191912757858,5.871700223631518,9.615374654924551,7.975997516862357,31.652259332023576,4.0,88.9
36.31783416088531,60.67191912757858,5.871700223631518,9.615374654924551,7.975997516862357,31.652259332023576,4.0,93.63333333
36.31783416088531,60.67191912757858,5.871700223631518,9.615374654924551,7.975997516862357,31.652259332023576,5.0,129.3
36.31783416088531,60.67191912757858,5.871700223631518,9.615374654924551,7.975997516862357,31.652259332023576,5.0,123.6
36.31783416088531,60.67191912757858,5.871700223631518,9.615374654924551,7.975997516862357,31.652259332023576,5.0,111.5
36.31783416088531,60.67191912757858,5.871700223631518,9.615374654924551,7.975997516862357,31.652259332023576,5.0,121.4666667
31.049933776228823,73.89273202884368,6.9595042483871135,9.926175359312197,7.604689703302316,27.573921971252567,0.0,13.5
31.049933776228823,73.89273202884368,6.9595042483871135,9.926175359312197,7.604689703302316,27.573921971252567,0.0,8.6
31.049933776228823,73.89273202884368,6.9595042483871135,9.926175359312197,7.604689703302316,27.573921971252567,0.0,10.5
31.049933776228823,73.89273202884368,6.9595042483871135,9.926175359312197,7.604689703302316,27.573921971252567,0.0,10.86666667
31.049933776228823,73.89273202884368,6.9595042483871135,9.926175359312197,7.604689703302316,27.573921971252567,1.0,32.6
31.049933776228823,73.89273202884368,6.9595042483871135,9.926175359312197,7.604689703302316,27.573921971252567,1.0,24.1
31.049933776228823,73.89273202884368,6.9595042483871135,9.926175359312197,7.604689703302316,27.573921971252567,1.0,29.6
31.049933776228823,73.89273202884368,6.9595042483871135,9.926175359312197,7.604689703302316,27.573921971252567,1.0,28.76666667
31.049933776228823,73.89273202884368,6.9595042483871135,9.926175359312197,7.604689703302316,27.573921971252567,2.0,55.6
31.049933776228823,73.89273202884368,6.9595042483871135,9.926175359312197,7.604689703302316,27.573921971252567,2.0,62.6
31.049933776228823,73.89273202884368,6.9595042483871135,9.926175359312197,7.604689703302316,27.573921971252567,2.0,53.2
31.049933776228823,73.89273202884368,6.9595042483871135,9.926175359312197,7.604689703302316,27.573921971252567,2.0,57.13333333
31.049933776228823,73.89273202884368,6.9595042483871135,9.926175359312197,7.604689703302316,27.573921971252567,3.0,79.6
31.049933776228823,73.89273202884368,6.9595042483871135,9.926175359312197,7.604689703302316,27.573921971252567,3.0,74.6
31.049933776228823,73.89273202884368,6.9595042483871135,9.926175359312197,7.604689703302316,27.573921971252567,3.0,88.6
31.049933776228823,73.89273202884368,6.9595042483871135,9.926175359312197,7.604689703302316,27.573921971252567,3.0,80.93333333
31.049933776228823,73.89273202884368,6.9595042483871135,9.926175359312197,7.604689703302316,27.573921971252567,4.0,100.4
31.049933776228823,73.89273202884368,6.9595042483871135,9.926175359312197,7.604689703302316,27.573921971252567,4.0,91.6
31.049933776228823,73.89273202884368,6.9595042483871135,9.926175359312197,7.604689703302316,27.573921971252567,4.0,88.9
31.049933776228823,73.89273202884368,6.9595042483871135,9.926175359312197,7.604689703302316,27.573921971252567,4.0,93.63333333
31.049933776228823,73.89273202884368,6.9595042483871135,9.926175359312197,7.604689703302316,27.573921971252567,5.0,129.3
31.049933776228823,73.89273202884368,6.9595042483871135,9.926175359312197,7.604689703302316,27.573921971252567,5.0,123.6
31.049933776228823,73.89273202884368,6.9595042483871135,9.926175359312197,7.604689703302316,27.573921971252567,5.0,111.5
31.049933776228823,73.89273202884368,6.9595042483871135,9.926175359312197,7.604689703302316,27.573921971252567,5.0,121.4666667
30.070608408173168,75.13304166267254,7.228185644811667,9.863435834047523,7.585385236528861,26.0,0.0,13.5
30.070608408173168,75.13304166267254,7.228185644811667,9.863435834047523,7.585385236528861,26.0,0.0,8.6
30.070608408173168,75.13304166267254,7.228185644811667,9.863435834047523,7.585385236528861,26.0,0.0,10.5
30.070608408173168,75.13304166267254,7.228185644811667,9.863435834047523,7.585385236528861,26.0,0.0,10.86666667
30.070608408173168,75.13304166267254,7.228185644811667,9.863435834047523,7.585385236528861,26.0,1.0,32.6
30.070608408173168,75.13304166267254,7.228185644811667,9.863435834047523,7.585385236528861,26.0,1.0,24.1
30.070608408173168,75.13304166267254,7.228185644811667,9.863435834047523,7.585385236528861,26.0,1.0,29.6
30.070608408173168,75.13304166267254,7.228185644811667,9.863435834047523,7.585385236528861,26.0,1.0,28.76666667
30.070608408173168,75.13304166267254,7.228185644811667,9.863435834047523,7.585385236528861,26.0,2.0,55.6
30.070608408173168,75.13304166267254,7.228185644811667,9.863435834047523,7.585385236528861,26.0,2.0,62.6
30.070608408173168,75.13304166267254,7.228185644811667,9.863435834047523,7.585385236528861,26.0,2.0,53.2
30.070608408173168,75.13304166267254,7.228185644811667,9.863435834047523,7.585385236528861,26.0,2.0,57.13333333
30.070608408173168,75.13304166267254,7.228185644811667,9.863435834047523,7.585385236528861,26.0,3.0,79.6
30.070608408173168,75.13304166267254,7.228185644811667,9.863435834047523,7.585385236528861,26.0,3.0,74.6
30.070608408173168,75.13304166267254,7.228185644811667,9.863435834047523,7.585385236528861,26.0,3.0,88.6
30.070608408173168,75.13304166267254,7.228185644811667,9.863435834047523,7.585385236528861,26.0,3.0,80.93333333
30.070608408173168,75.13304166267254,7.228185644811667,9.863435834047523,7.585385236528861,26.0,4.0,100.4
30.070608408173168,75.13304166267254,7.228185644811667,9.863435834047523,7.585385236528861,26.0,4.0,91.6
30.070608408173168,75.13304166267254,7.228185644811667,9.863435834047523,7.585385236528861,26.0,4.0,88.9
30.070608408173168,75.13304166267254,7.228185644811667,9.863435834047523,7.585385236528861,26.0,4.0,93.63333333
30.070608408173168,75.13304166267254,7.228185644811667,9.863435834047523,7.585385236528861,26.0,5.0,129.3
30.070608408173168,75.13304166267254,7.228185644811667,9.863435834047523,7.585385236528861,26.0,5.0,123.6
30.070608408173168,75.13304166267254,7.228185644811667,9.863435834047523,7.585385236528861,26.0,5.0,111.5
30.070608408173168,75.13304166267254,7.228185644811667,9.863435834047523,7.585385236528861,26.0,5.0,121.4666667
30.374678510674684,74.68912385392665,7.862290272121033,9.96421883069122,7.037043614875181,26.386328725038403,0.0,13.5
30.374678510674684,74.68912385392665,7.862290272121033,9.96421883069122,7.037043614875181,26.386328725038403,0.0,8.6
30.374678510674684,74.68912385392665,7.862290272121033,9.96421883069122,7.037043614875181,26.386328725038403,0.0,10.5
30.374678510674684,74.68912385392665,7.862290272121033,9.96421883069122,7.037043614875181,26.386328725038403,0.0,10.86666667
30.374678510674684,74.68912385392665,7.862290272121033,9.96421883069122,7.037043614875181,26.386328725038403,1.0,32.6
30.374678510674684,74.68912385392665,7.862290272121033,9.96421883069122,7.037043614875181,26.386328725038403,1.0,24.1
30.374678510674684,74.68912385392665,7.862290272121033,9.96421883069122,7.037043614875181,26.386328725038403,1.0,29.6
30.374678510674684,74.68912385392665,7.862290272121033,9.96421883069122,7.037043614875181,26.386328725038403,1.0,28.76666667
30.374678510674684,74.68912385392665,7.862290272121033,9.96421883069122,7.037043614875181,26.386328725038403,2.0,55.6
30.374678510674684,74.68912385392665,7.862290272121033,9.96421883069122,7.037043614875181,26.386328725038403,2.0,62.6
30.374678510674684,74.68912385392665,7.862290272121033,9.96421883069122,7.037043614875181,26.386328725038403,2.0,53.2
30.374678510674684,74.68912385392665,7.862290272121033,9.96421883069122,7.037043614875181,26.386328725038403,2.0,57.13333333
30.374678510674684,74.68912385392665,7.862290272121033,9.96421883069122,7.037043614875181,26.386328725038403,3.0,79.6
30.374678510674684,74.68912385392665,7.862290272121033,9.96421883069122,7.037043614875181,26.386328725038403,3.0,74.6
30.374678510674684,74.68912385392665,7.862290272121033,9.96421883069122,7.037043614875181,26.386328725038403,3.0,88.6
30.374678510674684,74.68912385392665,7.862290272121033,9.96421883069122,7.037043614875181,26.386328725038403,3.0,80.93333333
30.374678510674684,74.68912385392665,7.862290272121033,9.96421883069122,7.037043614875181,26.386328725038403,4.0,100.4
30.374678510674684,74.68912385392665,7.862290272121033,9.96421883069122,7.037043614875181,26.386328725038403,4.0,91.6
30.374678510674684,74.68912385392665,7.862290272121033,9.96421883069122,7.037043614875181,26.386328725038403,4.0,88.9
30.374678510674684,74.68912385392665,7.862290272121033,9.96421883069122,7.037043614875181,26.386328725038403,4.0,93.63333333
30.374678510674684,74.68912385392665,7.862290272121033,9.96421883069122,7.037043614875181,26.386328725038403,5.0,129.3
30.374678510674684,74.68912385392665,7.862290272121033,9.96421883069122,7.037043614875181,26.386328725038403,5.0,123.6
30.374678510674684,74.68912385392665,7.862290272121033,9.96421883069122,7.037043614875181,26.386328725038403,5.0,111.5
30.374678510674684,74.68912385392665,7.862290272121033,9.96421883069122,7.037043614875181,26.386328725038403,5.0,121.4666667
30.76207047801907,72.54842749362,7.590758903993494,11.187592533335843,7.436890304356867,27.217257318952235,0.0,13.5
30.76207047801907,72.54842749362,7.590758903993494,11.187592533335843,7.436890304356867,27.217257318952235,0.0,8.6
30.76207047801907,72.54842749362,7.590758903993494,11.187592533335843,7.436890304356867,27.217257318952235,0.0,10.5
30.76207047801907,72.54842749362,7.590758903993494,11.187592533335843,7.436890304356867,27.217257318952235,0.0,10.86666667
30.76207047801907,72.54842749362,7.590758903993494,11.187592533335843,7.436890304356867,27.217257318952235,1.0,32.6
30.76207047801907,72.54842749362,7.590758903993494,11.187592533335843,7.436890304356867,27.217257318952235,1.0,24.1
30.76207047801907,72.54842749362,7.590758903993494,11.187592533335843,7.436890304356867,27.217257318952235,1.0,29.6
30.76207047801907,72.54842749362,7.590758903993494,11.187592533335843,7.436890304356867,27.217257318952235,1.0,28.76666667
30.76207047801907,72.54842749362,7.590758903993494,11.187592533335843,7.436890304356867,27.217257318952235,2.0,55.6
30.76207047801907,72.54842749362,7.590758903993494,11.187592533335843,7.436890304356867,27.217257318952235,2.0,62.6
30.76207047801907,72.54842749362,7.590758903993494,11.187592533335843,7.436890304356867,27.217257318952235,2.0,53.2
30.76207047801907,72.54842749362,7.590758903993494,11.187592533335843,7.436890304356867,27.217257318952235,2.0,57.13333333
30.76207047801907,72.54842749362,7.590758903993494,11.187592533335843,7.436890304356867,27.217257318952235,3.0,79.6
30.76207047801907,72.54842749362,7.590758903993494,11.187592533335843,7.436890304356867,27.217257318952235,3.0,74.6
30.76207047801907,72.54842749362,7.590758903993494,11.187592533335843,7.436890304356867,27.217257318952235,3.0,88.6
30.76207047801907,72.54842749362,7.590758903993494,11.187592533335843,7.436890304356867,27.217257318952235,3.0,80.93333333
30.76207047801907,72.54842749362,7.590758903993494,11.187592533335843,7.436890304356867,27.217257318952235,4.0,100.4
30.76207047801907,72.54842749362,7.590758903993494,11.187592533335843,7.436890304356867,27.217257318952235,4.0,91.6
30.76207047801907,72.54842749362,7.590758903993494,11.187592533335843,7.436890304356867,27.217257318952235,4.0,88.9
30.76207047801907,72.54842749362,7.590758903993494,11.187592533335843,7.436890304356867,27.217257318952235,4.0,93.63333333
30.76207047801907,72.54842749362,7.590758903993494,11.187592533335843,7.436890304356867,27.217257318952235,5.0,129.3
30.76207047801907,72.54842749362,7.590758903993494,11.187592533335843,7.436890304356867,27.217257318952235,5.0,123.6
30.76207047801907,72.54842749362,7.590758903993494,11.187592533335843,7.436890304356867,27.217257318952235,5.0,111.5
30.76207047801907,72.54842749362,7.590758903993494,11.187592533335843,7.436890304356867,27.217257318952235,5.0,121.4666667
31.211259300142878,70.83379248236868,7.535594991469656,10.5746191866079,7.250546123901508,28.603112840466927,0.0,13.5
31.211259300142878,70.83379248236868,7.535594991469656,10.5746191866079,7.250546123901508,28.603112840466927,0.0,8.6
31.211259300142878,70.83379248236868,7.535594991469656,10.5746191866079,7.250546123901508,28.603112840466927,0.0,10.5
31.211259300142878,70.83379248236868,7.535594991469656,10.5746191866079,7.250546123901508,28.603112840466927,0.0,10.86666667
31.211259300142878,70.83379248236868,7.535594991469656,10.5746191866079,7.250546123901508,28.603112840466927,1.0,32.6
31.211259300142878,70.83379248236868,7.535594991469656,10.5746191866079,7.250546123901508,28.603112840466927,1.0,24.1
31.211259300142878,70.83379248236868,7.535594991469656,10.5746191866079,7.250546123901508,28.603112840466927,1.0,29.6
31.211259300142878,70.83379248236868,7.535594991469656,10.5746191866079,7.250546123901508,28.603112840466927,1.0,28.76666667
31.211259300142878,70.83379248236868,7.535594991469656,10.5746191866079,7.250546123901508,28.603112840466927,2.0,55.6
31.211259300142878,70.83379248236868,7.535594991469656,10.5746191866079,7.250546123901508,28.603112840466927,2.0,62.6
31.211259300142878,70.83379248236868,7.535594991469656,10.5746191866079,7.250546123901508,28.603112840466927,2.0,53.2
31.211259300142878,70.83379248236868,7.535594991469656,10.5746191866079,7.250546123901508,28.603112840466927,2.0,57.13333333
31.211259300142878,70.83379248236868,7.535594991469656,10.5746191866079,7.250546123901508,28.603112840466927,3.0,79.6
31.211259300142878,70.83379248236868,7.535594991469656,10.5746191866079,7.250546123901508,28.603112840466927,3.0,74.6
31.211259300142878,70.83379248236868,7.535594991469656,10.5746191866079,7.250546123901508,28.603112840466927,3.0,88.6
31.211259300142878,70.83379248236868,7.535594991469656,10.5746191866079,7.250546123901508,28.603112840466927,3.0,80.93333333
31.211259300142878,70.83379248236868,7.535594991469656,10.5746191866079,7.250546123901508,28.603112840466927,4.0,100.4
31.211259300142878,70.83379248236868,7.535594991469656,10.5746191866079,7.250546123901508,28.603112840466927,4.0,91.6
31.211259300142878,70.83379248236868,7.535594991469656,10.5746191866079,7.250546123901508,28.603112840466927,4.0,88.9
31.211259300142878,70.83379248236868,7.535594991469656,10.5746191866079,7.250546123901508,28.603112840466927,4.0,93.63333333
31.211259300142878,70.83379248236868,7.535594991469656,10.5746191866079,7.250546123901508,28.603112840466927,5.0,129.3
31.211259300142878,70.83379248236868,7.535594991469656,10.5746191866079,7.250546123901508,28.603112840466927,5.0,123.6
31.211259300142878,70.83379248236868,7.535594991469656,10.5746191866079,7.250546123901508,28.603112840466927,5.0,111.5
31.211259300142878,70.83379248236868,7.535594991469656,10.5746191866079,7.250546123901508,28.603112840466927,5.0,121.4666667
38.563575744628906,55.767822265625,7.572912352879708,6.223627274149891,5.673794230335813,30.40625,0.0,13.5
38.563575744628906,55.767822265625,7.572912352879708,6.223627274149891,5.673794230335813,30.40625,0.0,8.6
38.563575744628906,55.767822265625,7.572912352879708,6.223627274149891,5.673794230335813,30.40625,0.0,10.5
38.563575744628906,55.767822265625,7.572912352879708,6.223627274149891,5.673794230335813,30.40625,0.0,10.86666667
38.563575744628906,55.767822265625,7.572912352879708,6.223627274149891,5.673794230335813,30.40625,1.0,32.6
38.563575744628906,55.767822265625,7.572912352879708,6.223627274149891,5.673794230335813,30.40625,1.0,24.1
38.563575744628906,55.767822265625,7.572912352879708,6.223627274149891,5.673794230335813,30.40625,1.0,29.6
38.563575744628906,55.767822265625,7.572912352879708,6.223627274149891,5.673794230335813,30.40625,1.0,28.76666667
38.563575744628906,55.767822265625,7.572912352879708,6.223627274149891,5.673794230335813,30.40625,2.0,55.6
38.563575744628906,55.767822265625,7.572912352879708,6.223627274149891,5.673794230335813,30.40625,2.0,62.6
38.563575744628906,55.767822265625,7.572912352879708,6.223627274149891,5.673794230335813,30.40625,2.0,53.2
38.563575744628906,55.767822265625,7.572912352879708,6.223627274149891,5.673794230335813,30.40625,2.0,57.13333333
38.563575744628906,55.767822265625,7.572912352879708,6.223627274149891,5.673794230335813,30.40625,3.0,79.6
38.563575744628906,55.767822265625,7.572912352879708,6.223627274149891,5.673794230335813,30.40625,3.0,74.6
38.563575744628906,55.767822265625,7.572912352879708,6.223627274149891,5.673794230335813,30.40625,3.0,88.6
38.563575744628906,55.767822265625,7.572912352879708,6.223627274149891,5.673794230335813,30.40625,3.0,80.93333333
38.563575744628906,55.767822265625,7.572912352879708,6.223627274149891,5.673794230335813,30.40625,4.0,100.4
38.563575744628906,55.767822265625,7.572912352879708,6.223627274149891,5.673794230335813,30.40625,4.0,91.6
38.563575744628906,55.767822265625,7.572912352879708,6.223627274149891,5.673794230335813,30.40625,4.0,88.9
38.563575744628906,55.767822265625,7.572912352879708,6.223627274149891,5.673794230335813,30.40625,4.0,93.63333333
38.563575744628906,55.767822265625,7.572912352879708,6.223627274149891,5.673794230335813,30.40625,5.0,129.3
38.563575744628906,55.767822265625,7.572912352879708,6.223627274149891,5.673794230335813,30.40625,5.0,123.6
38.563575744628906,55.767822265625,7.572912352879708,6.223627274149891,5.673794230335813,30.40625,5.0,111.5
38.563575744628906,55.767822265625,7.572912352879708,6.223627274149891,5.673794230335813,30.40625,5.0,121.4666667
38.01908198091173,55.92502449795962,6.701081744731128,6.025628942337072,6.713824780218203,32.5893470790378,0.0,13.5
38.01908198091173,55.92502449795962,6.701081744731128,6.025628942337072,6.713824780218203,32.5893470790378,0.0,8.6
38.01908198091173,55.92502449795962,6.701081744731128,6.025628942337072,6.713824780218203,32.5893470790378,0.0,10.5
38.01908198091173,55.92502449795962,6.701081744731128,6.025628942337072,6.713824780218203,32.5893470790378,0.0,10.86666667
38.01908198091173,55.92502449795962,6.701081744731128,6.025628942337072,6.713824780218203,32.5893470790378,1.0,32.6
38.01908198091173,55.92502449795962,6.701081744731128,6.025628942337072,6.713824780218203,32.5893470790378,1.0,24.1
38.01908198091173,55.92502449795962,6.701081744731128,6.025628942337072,6.713824780218203,32.5893470790378,1.0,29.6
38.01908198091173,55.92502449795962,6.701081744731128,6.025628942337072,6.713824780218203,32.5893470790378,1.0,28.76666667
38.01908198091173,55.92502449795962,6.701081744731128,6.025628942337072,6.713824780218203,32.5893470790378,2.0,55.6
38.01908198091173,55.92502449795962,6.701081744731128,6.025628942337072,6.713824780218203,32.5893470790378,2.0,62.6
38.01908198091173,55.92502449795962,6.701081744731128,6.025628942337072,6.713824780218203,32.5893470790378,2.0,53.2
38.01908198091173,55.92502449795962,6.701081744731128,6.025628942337072,6.713824780218203,32.5893470790378,2.0,57.13333333
38.01908198091173,55.92502449795962,6.701081744731128,6.025628942337072,6.713824780218203,32.5893470790378,3.0,79.6
38.01908198091173,55.92502449795962,6.701081744731128,6.025628942337072,6.713824780218203,32.5893470790378,3.0,74.6
38.01908198091173,55.92502449795962,6.701081744731128,6.025628942337072,6.713824780218203,32.5893470790378,3.0,88.6
38.01908198091173,55.92502449795962,6.701081744731128,6.025628942337072,6.713824780218203,32.5893470790378,3.0,80.93333333
38.01908198091173,55.92502449795962,6.701081744731128,6.025628942337072,6.713824780218203,32.5893470790378,4.0,100.4
38.01908198091173,55.92502449795962,6.701081744731128,6.025628942337072,6.713824780218203,32.5893470790378,4.0,91.6
38.01908198091173,55.92502449795962,6.701081744731128,6.025628942337072,6.713824780218203,32.5893470790378,4.0,88.9
38.01908198091173,55.92502449795962,6.701081744731128,6.025628942337072,6.713824780218203,32.5893470790378,4.0,93.63333333
38.01908198091173,55.92502449795962,6.701081744731128,6.025628942337072,6.713824780218203,32.5893470790378,5.0,129.3
38.01908198091173,55.92502449795962,6.701081744731128,6.025628942337072,6.713824780218203,32.5893470790378,5.0,123.6
38.01908198091173,55.92502449795962,6.701081744731128,6.025628942337072,6.713824780218203,32.5893470790378,5.0,111.5
38.01908198091173,55.92502449795962,6.701081744731128,6.025628942337072,6.713824780218203,32.5893470790378,5.0,121.4666667
36.35976025390625,60.371025390625,7.293093594859395,6.511412418037388,6.528654496281274,30.7584,0.0,13.5
36.35976025390625,60.371025390625,7.293093594859395,6.511412418037388,6.528654496281274,30.7584,0.0,8.6
36.35976025390625,60.371025390625,7.293093594859395,6.511412418037388,6.528654496281274,30.7584,0.0,10.5
36.35976025390625,60.371025390625,7.293093594859395,6.511412418037388,6.528654496281274,30.7584,0.0,10.86666667
36.35976025390625,60.371025390625,7.293093594859395,6.511412418037388,6.528654496281274,30.7584,1.0,32.6
36.35976025390625,60.371025390625,7.293093594859395,6.511412418037388,6.528654496281274,30.7584,1.0,24.1
36.35976025390625,60.371025390625,7.293093594859395,6.511412418037388,6.528654496281274,30.7584,1.0,29.6
36.35976025390625,60.371025390625,7.293093594859395,6.511412418037388,6.528654496281274,30.7584,1.0,28.76666667
36.35976025390625,60.371025390625,7.293093594859395,6.511412418037388,6.528654496281274,30.7584,2.0,55.6
36.35976025390625,60.371025390625,7.293093594859395,6.511412418037388,6.528654496281274,30.7584,2.0,62.6
36.35976025390625,60.371025390625,7.293093594859395,6.511412418037388,6.528654496281274,30.7584,2.0,53.2
36.35976025390625,60.371025390625,7.293093594859395,6.511412418037388,6.528654496281274,30.7584,2.0,57.13333333
36.35976025390625,60.371025390625,7.293093594859395,6.511412418037388,6.528654496281274,30.7584,3.0,79.6
36.35976025390625,60.371025390625,7.293093594859395,6.511412418037388,6.528654496281274,30.7584,3.0,74.6
36.35976025390625,60.371025390625,7.293093594859395,6.511412418037388,6.528654496281274,30.7584,3.0,88.6
36.35976025390625,60.371025390625,7.293093594859395,6.511412418037388,6.528654496281274,30.7584,3.0,80.93333333
36.35976025390625,60.371025390625,7.293093594859395,6.511412418037388,6.528654496281274,30.7584,4.0,100.4
36.35976025390625,60.371025390625,7.293093594859395,6.511412418037388,6.528654496281274,30.7584,4.0,91.6
36.35976025390625,60.371025390625,7.293093594859395,6.511412418037388,6.528654496281274,30.7584,4.0,88.9
36.35976025390625,60.371025390625,7.293093594859395,6.511412418037388,6.528654496281274,30.7584,4.0,93.63333333
36.35976025390625,60.371025390625,7.293093594859395,6.511412418037388,6.528654496281274,30.7584,5.0,129.3
36.35976025390625,60.371025390625,7.293093594859395,6.511412418037388,6.528654496281274,30.7584,5.0,123.6
36.35976025390625,60.371025390625,7.293093594859395,6.511412418037388,6.528654496281274,30.7584,5.0,111.5
36.35976025390625,60.371025390625,7.293093594859395,6.511412418037388,6.528654496281274,30.7584,5.0,121.4666667
34.575864698066084,65.0941942558914,7.374936620130011,6.608214447485348,7.429408808935291,26.95655737704918,0.0,13.5
34.575864698066084,65.0941942558914,7.374936620130011,6.608214447485348,7.429408808935291,26.95655737704918,0.0,8.6
34.575864698066084,65.0941942558914,7.374936620130011,6.608214447485348,7.429408808935291,26.95655737704918,0.0,10.5
34.575864698066084,65.0941942558914,7.374936620130011,6.608214447485348,7.429408808935291,26.95655737704918,0.0,10.86666667
34.575864698066084,65.0941942558914,7.374936620130011,6.608214447485348,7.429408808935291,26.95655737704918,1.0,32.6
34.575864698066084,65.0941942558914,7.374936620130011,6.608214447485348,7.429408808935291,26.95655737704918,1.0,24.1
34.575864698066084,65.0941942558914,7.374936620130011,6.608214447485348,7.429408808935291,26.95655737704918,1.0,29.6
34.575864698066084,65.0941942558914,7.374936620130011,6.608214447485348,7.429408808935291,26.95655737704918,1.0,28.76666667
34.575864698066084,65.0941942558914,7.374936620130011,6.608214447485348,7.429408808935291,26.95655737704918,2.0,55.6
34.575864698066084,65.0941942558914,7.374936620130011,6.608214447485348,7.429408808935291,26.95655737704918,2.0,62.6
34.575864698066084,65.0941942558914,7.374936620130011,6.608214447485348,7.429408808935291,26.95655737704918,2.0,53.2
34.575864698066084,65.0941942558914,7.374936620130011,6.608214447485348,7.429408808935291,26.95655737704918,2.0,57.13333333
34.575864698066084,65.0941942558914,7.374936620130011,6.608214447485348,7.429408808935291,26.95655737704918,3.0,79.6
34.575864698066084,65.0941942558914,7.374936620130011,6.608214447485348,7.429408808935291,26.95655737704918,3.0,74.6
34.575864698066084,65.0941942558914,7.374936620130011,6.608214447485348,7.429408808935291,26.95655737704918,3.0,88.6
34.575864698066084,65.0941942558914,7.374936620130011,6.608214447485348,7.429408808935291,26.95655737704918,3.0,80.93333333
34.575864698066084,65.0941942558914,7.374936620130011,6.608214447485348,7.429408808935291,26.95655737704918,4.0,100.4
34.575864698066084,65.0941942558914,7.374936620130011,6.608214447485348,7.429408808935291,26.95655737704918,4.0,91.6
34.575864698066084,65.0941942558914,7.374936620130011,6.608214447485348,7.429408808935291,26.95655737704918,4.0,88.9
34.575864698066084,65.0941942558914,7.374936620130011,6.608214447485348,7.429408808935291,26.95655737704918,4.0,93.63333333
34.575864698066084,65.0941942558914,7.374936620130011,6.608214447485348,7.429408808935291,26.95655737704918,5.0,129.3
34.575864698066084,65.0941942558914,7.374936620130011,6.608214447485348,7.429408808935291,26.95655737704918,5.0,123.6
34.575864698066084,65.0941942558914,7.374936620130011,6.608214447485348,7.429408808935291,26.95655737704918,5.0,111.5
34.575864698066084,65.0941942558914,7.374936620130011,6.608214447485348,7.429408808935291,26.95655737704918,5.0,121.4666667
31.422955791766828,73.4136211688702,7.113262317765548,6.509686221110657,8.442268684662183,25.948461538461537,0.0,13.5
31.422955791766828,73.4136211688702,7.113262317765548,6.509686221110657,8.442268684662183,25.948461538461537,0.0,8.6
31.422955791766828,73.4136211688702,7.113262317765548,6.509686221110657,8.442268684662183,25.948461538461537,0.0,10.5
31.422955791766828,73.4136211688702,7.113262317765548,6.509686221110657,8.442268684662183,25.948461538461537,0.0,10.86666667
31.422955791766828,73.4136211688702,7.113262317765548,6.509686221110657,8.442268684662183,25.948461538461537,1.0,32.6
31.422955791766828,73.4136211688702,7.113262317765548,6.509686221110657,8.442268684662183,25.948461538461537,1.0,24.1
31.422955791766828,73.4136211688702,7.113262317765548,6.509686221110657,8.442268684662183,25.948461538461537,1.0,29.6
31.422955791766828,73.4136211688702,7.113262317765548,6.509686221110657,8.442268684662183,25.948461538461537,1.0,28.76666667
31.422955791766828,73.4136211688702,7.113262317765548,6.509686221110657,8.442268684662183,25.948461538461537,2.0,55.6
31.422955791766828,73.4136211688702,7.113262317765548,6.509686221110657,8.442268684662183,25.948461538461537,2.0,62.6
31.422955791766828,73.4136211688702,7.113262317765548,6.509686221110657,8.442268684662183,25.948461538461537,2.0,53.2
31.422955791766828,73.4136211688702,7.113262317765548,6.509686221110657,8.442268684662183,25.948461538461537,2.0,57.13333333
31.422955791766828,73.4136211688702,7.113262317765548,6.509686221110657,8.442268684662183,25.948461538461537,3.0,79.6
31.422955791766828,73.4136211688702,7.113262317765548,6.509686221110657,8.442268684662183,25.948461538461537,3.0,74.6
31.422955791766828,73.4136211688702,7.113262317765548,6.509686221110657,8.442268684662183,25.948461538461537,3.0,88.6
31.422955791766828,73.4136211688702,7.113262317765548,6.509686221110657,8.442268684662183,25.948461538461537,3.0,80.93333333
31.422955791766828,73.4136211688702,7.113262317765548,6.509686221110657,8.442268684662183,25.948461538461537,4.0,100.4
31.422955791766828,73.4136211688702,7.113262317765548,6.509686221110657,8.442268684662183,25.948461538461537,4.0,91.6
31.422955791766828,73.4136211688702,7.113262317765548,6.509686221110657,8.442268684662183,25.948461538461537,4.0,88.9
31.422955791766828,73.4136211688702,7.113262317765548,6.509686221110657,8.442268684662183,25.948461538461537,4.0,93.63333333
31.422955791766828,73.4136211688702,7.113262317765548,6.509686221110657,8.442268684662183,25.948461538461537,5.0,129.3
31.422955791766828,73.4136211688702,7.113262317765548,6.509686221110657,8.442268684662183,25.948461538461537,5.0,123.6
31.422955791766828,73.4136211688702,7.113262317765548,6.509686221110657,8.442268684662183,25.948461538461537,5.0,111.5
31.422955791766828,73.4136211688702,7.113262317765548,6.509686221110657,8.442268684662183,25.948461538461537,5.0,121.4666667
30.070512481548818,79.67269592753937,7.165314155358735,6.600710181107547,8.322171434387625,26.45084485407066,0.0,13.5
30.070512481548818,79.67269592753937,7.165314155358735,6.600710181107547,8.322171434387625,26.45084485407066,0.0,8.6
30.070512481548818,79.67269592753937,7.165314155358735,6.600710181107547,8.322171434387625,26.45084485407066,0.0,10.5
30.070512481548818,79.67269592753937,7.165314155358735,6.600710181107547,8.322171434387625,26.45084485407066,0.0,10.86666667
30.070512481548818,79.67269592753937,7.165314155358735,6.600710181107547,8.322171434387625,26.45084485407066,1.0,32.6
30.070512481548818,79.67269592753937,7.165314155358735,6.600710181107547,8.322171434387625,26.45084485407066,1.0,24.1
30.070512481548818,79.67269592753937,7.165314155358735,6.600710181107547,8.322171434387625,26.45084485407066,1.0,29.6
30.070512481548818,79.67269592753937,7.165314155358735,6.600710181107547,8.322171434387625,26.45084485407066,1.0,28.76666667
30.070512481548818,79.67269592753937,7.165314155358735,6.600710181107547,8.322171434387625,26.45084485407066,2.0,55.6
30.070512481548818,79.67269592753937,7.165314155358735,6.600710181107547,8.322171434387625,26.45084485407066,2.0,62.6
30.070512481548818,79.67269592753937,7.165314155358735,6.600710181107547,8.322171434387625,26.45084485407066,2.0,53.2
30.070512481548818,79.67269592753937,7.165314155358735,6.600710181107547,8.322171434387625,26.45084485407066,2.0,57.13333333
30.070512481548818,79.67269592753937,7.165314155358735,6.600710181107547,8.322171434387625,26.45084485407066,3.0,79.6
30.070512481548818,79.67269592753937,7.165314155358735,6.600710181107547,8.322171434387625,26.45084485407066,3.0,74.6
30.070512481548818,79.67269592753937,7.165314155358735,6.600710181107547,8.322171434387625,26.45084485407066,3.0,88.6
30.070512481548818,79.67269592753937,7.165314155358735,6.600710181107547,8.322171434387625,26.45084485407066,3.0,80.93333333
30.070512481548818,79.67269592753937,7.165314155358735,6.600710181107547,8.322171434387625,26.45084485407066,4.0,100.4
30.070512481548818,79.67269592753937,7.165314155358735,6.600710181107547,8.322171434387625,26.45084485407066,4.0,91.6
30.070512481548818,79.67269592753937,7.165314155358735,6.600710181107547,8.322171434387625,26.45084485407066,4.0,88.9
30.070512481548818,79.67269592753937,7.165314155358735,6.600710181107547,8.322171434387625,26.45084485407066,4.0,93.63333333
30.070512481548818,79.67269592753937,7.165314155358735,6.600710181107547,8.322171434387625,26.45084485407066,5.0,129.3
30.070512481548818,79.67269592753937,7.165314155358735,6.600710181107547,8.322171434387625,26.45084485407066,5.0,123.6
30.070512481548818,79.67269592753937,7.165314155358735,6.600710181107547,8.322171434387625,26.45084485407066,5.0,111.5
30.070512481548818,79.67269592753937,7.165314155358735,6.600710181107547,8.322171434387625,26.45084485407066,5.0,121.4666667
30.330413348858173,78.1368408203125,7.623160886904492,6.970109818666104,7.611752570170419,26.733846153846155,0.0,13.5
30.330413348858173,78.1368408203125,7.623160886904492,6.970109818666104,7.611752570170419,26.733846153846155,0.0,8.6
30.330413348858173,78.1368408203125,7.623160886904492,6.970109818666104,7.611752570170419,26.733846153846155,0.0,10.5
30.330413348858173,78.1368408203125,7.623160886904492,6.970109818666104,7.611752570170419,26.733846153846155,0.0,10.86666667
30.330413348858173,78.1368408203125,7.623160886904492,6.970109818666104,7.611752570170419,26.733846153846155,1.0,32.6
30.330413348858173,78.1368408203125,7.623160886904492,6.970109818666104,7.611752570170419,26.733846153846155,1.0,24.1
30.330413348858173,78.1368408203125,7.623160886904492,6.970109818666104,7.611752570170419,26.733846153846155,1.0,29.6
30.330413348858173,78.1368408203125,7.623160886904492,6.970109818666104,7.611752570170419,26.733846153846155,1.0,28.76666667
30.330413348858173,78.1368408203125,7.623160886904492,6.970109818666104,7.611752570170419,26.733846153846155,2.0,55.6
30.330413348858173,78.1368408203125,7.623160886904492,6.970109818666104,7.611752570170419,26.733846153846155,2.0,62.6
30.330413348858173,78.1368408203125,7.623160886904492,6.970109818666104,7.611752570170419,26.733846153846155,2.0,53.2
30.330413348858173,78.1368408203125,7.623160886904492,6.970109818666104,7.611752570170419,26.733846153846155,2.0,57.13333333
30.330413348858173,78.1368408203125,7.623160886904492,6.970109818666104,7.611752570170419,26.733846153846155,3.0,79.6
30.330413348858173,78.1368408203125,7.623160886904492,6.970109818666104,7.611752570170419,26.733846153846155,3.0,74.6
30.330413348858173,78.1368408203125,7.623160886904492,6.970109818666104,7.611752570170419,26.733846153846155,3.0,88.6
30.330413348858173,78.1368408203125,7.623160886904492,6.970109818666104,7.611752570170419,26.733846153846155,3.0,80.93333333
30.330413348858173,78.1368408203125,7.623160886904492,6.970109818666104,7.611752570170419,26.733846153846155,4.0,100.4
30.330413348858173,78.1368408203125,7.623160886904492,6.970109818666104,7.611752570170419,26.733846153846155,4.0,91.6
30.330413348858173,78.1368408203125,7.623160886904492,6.970109818666104,7.611752570170419,26.733846153846155,4.0,88.9
30.330413348858173,78.1368408203125,7.623160886904492,6.970109818666104,7.611752570170419,26.733846153846155,4.0,93.63333333
30.330413348858173,78.1368408203125,7.623160886904492,6.970109818666104,7.611752570170419,26.733846153846155,5.0,129.3
30.330413348858173,78.1368408203125,7.623160886904492,6.970109818666104,7.611752570170419,26.733846153846155,5.0,123.6
30.330413348858173,78.1368408203125,7.623160886904492,6.970109818666104,7.611752570170419,26.733846153846155,5.0,111.5
30.330413348858173,78.1368408203125,7.623160886904492,6.970109818666104,7.611752570170419,26.733846153846155,5.0,121.4666667
31.01356265419408,75.82930715460526,7.552632222438987,7.05308173812417,7.255091752369431,27.18,0.0,13.5
31.01356265419408,75.82930715460526,7.552632222438987,7.05308173812417,7.255091752369431,27.18,0.0,8.6
31.01356265419408,75.82930715460526,7.552632222438987,7.05308173812417,7.255091752369431,27.18,0.0,10.5
31.01356265419408,75.82930715460526,7.552632222438987,7.05308173812417,7.255091752369431,27.18,0.0,10.86666667
31.01356265419408,75.82930715460526,7.552632222438987,7.05308173812417,7.255091752369431,27.18,1.0,32.6
31.01356265419408,75.82930715460526,7.552632222438987,7.05308173812417,7.255091752369431,27.18,1.0,24.1
31.01356265419408,75.82930715460526,7.552632222438987,7.05308173812417,7.255091752369431,27.18,1.0,29.6
31.01356265419408,75.82930715460526,7.552632222438987,7.05308173812417,7.255091752369431,27.18,1.0,28.76666667
31.01356265419408,75.82930715460526,7.552632222438987,7.05308173812417,7.255091752369431,27.18,2.0,55.6
31.01356265419408,75.82930715460526,7.552632222438987,7.05308173812417,7.255091752369431,27.18,2.0,62.6
31.01356265419408,75.82930715460526,7.552632222438987,7.05308173812417,7.255091752369431,27.18,2.0,53.2
31.01356265419408,75.82930715460526,7.552632222438987,7.05308173812417,7.255091752369431,27.18,2.0,57.13333333
31.01356265419408,75.82930715460526,7.552632222438987,7.05308173812417,7.255091752369431,27.18,3.0,79.6
31.01356265419408,75.82930715460526,7.552632222438987,7.05308173812417,7.255091752369431,27.18,3.0,74.6
31.01356265419408,75.82930715460526,7.552632222438987,7.05308173812417,7.255091752369431,27.18,3.0,88.6
31.01356265419408,75.82930715460526,7.552632222438987,7.05308173812417,7.255091752369431,27.18,3.0,80.93333333
31.01356265419408,75.82930715460526,7.552632222438987,7.05308173812417,7.255091752369431,27.18,4.0,100.4
31.01356265419408,75.82930715460526,7.552632222438987,7.05308173812417,7.255091752369431,27.18,4.0,91.6
31.01356265419408,75.82930715460526,7.552632222438987,7.05308173812417,7.255091752369431,27.18,4.0,88.9
31.01356265419408,75.82930715460526,7.552632222438987,7.05308173812417,7.255091752369431,27.18,4.0,93.63333333
31.01356265419408,75.82930715460526,7.552632222438987,7.05308173812417,7.255091752369431,27.18,5.0,129.3
31.01356265419408,75.82930715460526,7.552632222438987,7.05308173812417,7.255091752369431,27.18,5.0,123.6
31.01356265419408,75.82930715460526,7.552632222438987,7.05308173812417,7.255091752369431,27.18,5.0,111.5
31.01356265419408,75.82930715460526,7.552632222438987,7.05308173812417,7.255091752369431,27.18,5.0,121.4666667
33.879654982994346,73.5089532260237,7.6050508807463535,8.715915086566657,6.532875972426231,29.58189655172414,0.0,13.5
33.879654982994346,73.5089532260237,7.6050508807463535,8.715915086566657,6.532875972426231,29.58189655172414,0.0,8.6
33.879654982994346,73.5089532260237,7.6050508807463535,8.715915086566657,6.532875972426231,29.58189655172414,0.0,10.5
33.879654982994346,73.5089532260237,7.6050508807463535,8.715915086566657,6.532875972426231,29.58189655172414,0.0,10.86666667
33.879654982994346,73.5089532260237,7.6050508807463535,8.715915086566657,6.532875972426231,29.58189655172414,1.0,32.6
33.879654982994346,73.5089532260237,7.6050508807463535,8.715915086566657,6.532875972426231,29.58189655172414,1.0,24.1
33.879654982994346,73.5089532260237,7.6050508807463535,8.715915086566657,6.532875972426231,29.58189655172414,1.0,29.6
33.879654982994346,73.5089532260237,7.6050508807463535,8.715915086566657,6.532875972426231,29.58189655172414,1.0,28.76666667
33.879654982994346,73.5089532260237,7.6050508807463535,8.715915086566657,6.532875972426231,29.58189655172414,2.0,55.6
33.879654982994346,73.5089532260237,7.6050508807463535,8.715915086566657,6.532875972426231,29.58189655172414,2.0,62.6
33.879654982994346,73.5089532260237,7.6050508807463535,8.715915086566657,6.532875972426231,29.58189655172414,2.0,53.2
33.879654982994346,73.5089532260237,7.6050508807463535,8.715915086566657,6.532875972426231,29.58189655172414,2.0,57.13333333
33.879654982994346,73.5089532260237,7.6050508807463535,8.715915086566657,6.532875972426231,29.58189655172414,3.0,79.6
33.879654982994346,73.5089532260237,7.6050508807463535,8.715915086566657,6.532875972426231,29.58189655172414,3.0,74.6
33.879654982994346,73.5089532260237,7.6050508807463535,8.715915086566657,6.532875972426231,29.58189655172414,3.0,88.6
33.879654982994346,73.5089532260237,7.6050508807463535,8.715915086566657,6.532875972426231,29.58189655172414,3.0,80.93333333
33.879654982994346,73.5089532260237,7.6050508807463535,8.715915086566657,6.532875972426231,29.58189655172414,4.0,100.4
33.879654982994346,73.5089532260237,7.6050508807463535,8.715915086566657,6.532875972426231,29.58189655172414,4.0,91.6
33.879654982994346,73.5089532260237,7.6050508807463535,8.715915086566657,6.532875972426231,29.58189655172414,4.0,88.9
33.879654982994346,73.5089532260237,7.6050508807463535,8.715915086566657,6.532875972426231,29.58189655172414,4.0,93.63333333
33.879654982994346,73.5089532260237,7.6050508807463535,8.715915086566657,6.532875972426231,29.58189655172414,5.0,129.3
33.879654982994346,73.5089532260237,7.6050508807463535,8.715915086566657,6.532875972426231,29.58189655172414,5.0,123.6
33.879654982994346,73.5089532260237,7.6050508807463535,8.715915086566657,6.532875972426231,29.58189655172414,5.0,111.5
33.879654982994346,73.5089532260237,7.6050508807463535,8.715915086566657,6.532875972426231,29.58189655172414,5.0,121.4666667
